adventurer_id,publisher_id
115z,o4pj
1174,duba
117r,jttf
119x,tt2p
11ak,h9x4
11bt,o4pj
11ir,y93m
11lj,d4t6
11mb,986e
11pr,vjny
11q7,986e
11td,d4t6
11td,ymtg
11vb,4jjd
11wo,o4pj
11wo,rw94
123l,tt2p
123v,8vrw
123v,986e
123v,o4pj
128j,8vrw
12c9,4jjd
12ld,8vrw
12ld,986e
12ld,h9x4
13a2,8vrw
13fy,986e
13mc,4jjd
13mc,jo4b
13nh,o4pj
13on,o4pj
13tm,8vrw
13tm,986e
13ua,986e
142j,vjny
143e,986e
14af,h9x4
14af,o4pj
14vn,o4pj
164u,vjny
16eo,jo4b
16in,h9x4
1758,986e
17am,4jjd
185k,ymtg
18a1,d4t6
18ch,986e
18he,8vrw
18tk,ymtg
18zc,jo4b
191e,8vrw
191e,986e
1931,986e
196j,g9xy
19oo,vjny
19yn,986e
19z6,jo4b
1ags,d4t6
1ak2,rw94
1aob,jttf
1ap5,xhbn
1auy,ymtg
1bmb,tt2p
1cpj,8vrw
1czf,d4t6
1d8a,986e
1d8a,g9xy
1dck,8vrw
1dt9,o4pj
1dyc,o4pj
1dyc,rw94
1dzv,o4pj
1e78,j4i7
1ekh,tt2p
1eo4,o4pj
1f8q,vjny
1fm1,d4t6
1fm1,tt2p
1fnn,xhbn
1fuq,jo4b
1fy7,986e
1g15,g9xy
1g16,ymtg
1g8r,h9x4
1gcw,986e
1gcw,o4pj
1gh3,8vrw
1gh3,h9x4
1gwg,8vrw
1gwg,o4pj
1gxv,bgrt
1gxv,xhbn
1h1z,g9xy
1ho5,22ke
1hpk,vjny
1hpk,z3b5
1hqc,8vrw
1hx7,986e
1hx7,o4pj
1i3x,986e
1i3x,o4pj
1ihc,fz7l
1ihc,ymtg
1isi,986e
1iy7,duba
1j4c,xhbn
1jre,8vrw
1jre,986e
1jre,duba
1jre,o4pj
1k6r,duba
1k6r,o4pj
1k96,tt2p
1kcg,jttf
1km6,h9x4
1km6,o4pj
1ksl,d4t6
1l3u,g9xy
1m5p,8vrw
1m5p,rw94
1mcv,jo4b
1mfn,rw94
1mmv,jo4b
1myi,xhbn
1n5b,o4pj
1n6v,duba
1npy,y93m
1p7a,4jjd
1pc6,vjny
1pdx,4jjd
1pjk,o4pj
1pm9,8vrw
1pu5,jttf
1pxj,986e
1pxj,o4pj
1pym,duba
1pym,g9xy
1qin,xhbn
1qwq,8vrw
1r8c,tt2p
1rfg,986e
1rfg,rw94
1rgy,bgrt
1rj8,h9x4
1rq1,xhbn
1rrf,986e
1rwv,d4t6
1rzj,986e
1rzv,o4pj
1s31,tt2p
1s98,duba
1sd5,8vrw
1so2,986e
1sqa,jttf
1tgh,fz7l
1tn7,bgrt
1ttw,d4t6
1twm,8vrw
1twm,o4pj
1u9v,rw94
1ujd,g9xy
1uqg,8vrw
1uqg,h9x4
1uw8,4jjd
1v4y,d4t6
1vlh,o4pj
1wae,986e
1wkm,duba
1wqz,tt2p
1x41,8vrw
1x5o,h9x4
1xnu,fz7l
1xoa,4jjd
1xru,d4t6
1xru,tt2p
1xw7,986e
1xw7,duba
1y9f,jo4b
1z6o,4jjd
1zkg,986e
1zkk,g9xy
1zl3,o4pj
2147,duba
21me,g9xy
223j,8vrw
229s,duba
229s,o4pj
22d8,8vrw
22d8,986e
22dt,8vrw
22dt,h9x4
22ee,jo4b
22fl,duba
22nq,4jjd
22pf,rw94
238t,jo4b
23du,986e
23du,g9xy
23r6,jo4b
23wn,8vrw
23x7,duba
23x7,h9x4
23xh,ymtg
24ah,z3b5
24c5,986e
24c5,duba
24dh,z3b5
24jm,qsdj
24rs,d4t6
24uf,986e
24uf,duba
24uf,g9xy
24vo,vjny
252e,rw94
257s,8vrw
258j,jo4b
25da,8vrw
25da,g9xy
25tq,v2cp
2619,g9xy
263i,h9x4
26f1,g9xy
26sp,8vrw
26x3,g9xy
26x3,o4pj
26zz,4jjd
2772,8vrw
2772,h9x4
27e2,o4pj
27ih,bgrt
27k3,g9xy
27k3,o4pj
27lb,8vrw
27lb,986e
27lb,o4pj
28c2,d4t6
28dt,rw94
28m9,z3b5
28ry,duba
28vl,g9xy
29dk,duba
29dk,g9xy
29kl,jo4b
2ab3,d4t6
2ach,g9xy
2ad4,rw94
2aeg,rw94
2aoj,qsdj
2asq,fz7l
2ax9,d4t6
2ax9,j4i7
2b5i,o4pj
2b6f,4jjd
2btz,h9x4
2bzk,986e
2c3j,j4i7
2c3j,ymtg
2ca1,ymtg
2cap,jttf
2ciw,8vrw
2cvl,8vrw
2cvl,h9x4
2cze,g9xy
2ddc,jttf
2df6,ymtg
2dl2,d4t6
2dl2,tt2p
2dl2,ymtg
2ds3,bgrt
2dtz,8vrw
2dtz,986e
2duj,xhbn
2edm,986e
2emi,4jjd
2f26,g9xy
2f4g,986e
2ffi,8vrw
2ffi,o4pj
2fi2,986e
2g3x,duba
2g9x,g9xy
2geq,d4t6
2giv,3buj
2gkr,duba
2glo,g9xy
2gq5,rw94
2gsu,g9xy
2hau,d4t6
2hau,tt2p
2i31,rw94
2i3r,g9xy
2ies,jo4b
2iff,8vrw
2im6,o4pj
2iok,8vrw
2itp,986e
2itp,o4pj
2ivv,g9xy
2j2g,bgrt
2jat,h9x4
2jgx,o4pj
2jsr,o4pj
2ky8,8vrw
2l9r,o4pj
2lnp,986e
2lnp,o4pj
2lo4,jo4b
2lul,j4i7
2mkw,o4pj
2mr5,986e
2mtt,4jjd
2n8j,tt2p
2ngj,h9x4
2njl,986e
2njl,o4pj
2nm8,fz7l
2no6,o4pj
2o1z,8vrw
2o1z,986e
2oe4,8vrw
2oqg,g9xy
2ox8,tt2p
2p79,8vrw
2pm4,8vrw
2pzo,986e
2pzt,d4t6
2q9x,8vrw
2qdp,d4t6
2qo3,g9xy
2qo3,o4pj
2qsl,vjny
2qvp,g9xy
2qvp,o4pj
2qwc,bgrt
2qws,o4pj
2r39,986e
2r7a,qsdj
2rj2,986e
2rol,vjny
2sob,986e
2sq8,g9xy
2ssi,8vrw
2tf8,8vrw
2u5c,jo4b
2u6p,986e
2u6p,g9xy
2uax,8vrw
2ul3,o4pj
2ur3,jo4b
2uul,d4t6
2vde,y93m
2vjh,qsdj
2vt4,fz7l
2vv6,4jjd
2vxf,986e
2w24,986e
2w24,h9x4
2w48,jo4b
2w5g,o4pj
2wf7,ymtg
2wro,ymtg
2wsc,duba
2wsc,g9xy
2x27,8vrw
2x27,986e
2xbo,8vrw
2xbo,h9x4
2xbo,o4pj
2xhn,duba
2xhv,tt2p
2xoy,tt2p
2y32,986e
2y95,8vrw
2yf1,j4i7
2yfd,o4pj
2yhi,g9xy
2yif,986e
2yif,g9xy
2yvs,8vrw
2yvs,g9xy
2z9u,8vrw
2z9u,duba
2z9u,g9xy
2zfq,g9xy
2zfq,o4pj
2zgq,qsdj
2zh8,v2cp
2zsq,d4t6
2zt5,g9xy
31gr,o4pj
31mp,986e
31mp,h9x4
323t,986e
325d,h9x4
325d,o4pj
325l,8vrw
3271,986e
327p,g9xy
32qz,8vrw
32u7,jo4b
32z1,4jjd
32z8,4jjd
33c9,duba
33c9,h9x4
33cf,8vrw
33cf,986e
33ic,jo4b
33je,h9x4
33je,o4pj
342o,d4t6
34bg,d4t6
34kr,986e
34sm,o4pj
34xs,986e
35fs,o4pj
35sm,8vrw
361g,g9xy
361g,o4pj
368o,tt2p
36kf,rw94
36wm,g9xy
36z7,8vrw
36z7,g9xy
37bf,d4t6
37gy,n4b4
37qm,jttf
37wz,8vrw
37wz,986e
37x2,g9xy
37x2,o4pj
37yu,8vrw
38ps,986e
38ps,o4pj
38wa,xhbn
3962,tt2p
39d1,8vrw
39we,xhbn
39zh,d4t6
3acr,d4t6
3amr,h9x4
3ani,jo4b
3asu,jo4b
3au5,8vrw
3b44,986e
3b44,o4pj
3b74,986e
3b74,o4pj
3bbp,8vrw
3bm2,vjny
3c1s,8vrw
3c1s,o4pj
3c3v,g9xy
3cbm,o4pj
3cci,8vrw
3d72,tt2p
3d8w,8vrw
3d8w,g9xy
3df1,d4t6
3dfz,d4t6
3dfz,j4i7
3dfz,ymtg
3dgq,qsdj
3dih,986e
3div,986e
3ei2,vjny
3eq2,986e
3eq2,o4pj
3eq2,rw94
3ert,8vrw
3esy,g9xy
3ew1,8vrw
3ew1,o4pj
3exl,jo4b
3f1e,tt2p
3fqx,g9xy
3fsx,h9x4
3ftp,jo4b
3fug,986e
3fug,rw94
3fxl,qsdj
3fxt,8vrw
3fxt,g9xy
3fz9,986e
3fz9,o4pj
3gpb,bgrt
3hsy,jo4b
3hw6,4jjd
3hx8,duba
3i79,h9x4
3i8s,986e
3ifh,z3b5
3ipi,d4t6
3iri,o4pj
3itv,986e
3j4r,h9x4
3jb6,xhbn
3jgs,986e
3jgs,h9x4
3ji3,rw94
3jzq,o4pj
3k6c,986e
3kgf,ymtg
3kje,z3b5
3knk,o4pj
3l79,g9xy
3lbv,d4t6
3liz,g9xy
3liz,h9x4
3lrx,986e
3lrx,g9xy
3lrx,o4pj
3m1u,d4t6
3map,986e
3mpd,d4t6
3mqd,duba
3mry,8vrw
3n52,o4pj
3naj,8vrw
3nje,o4pj
3nsu,o4pj
3nwd,986e
3o4r,jo4b
3o4z,8vrw
3o4z,duba
3o8e,o4pj
3obg,8vrw
3oby,bgrt
3ot9,8vrw
3otq,986e
3otq,g9xy
3pk9,qsdj
3pko,g9xy
3pm6,tt2p
3ppk,xhbn
3prq,986e
3prq,h9x4
3qy5,4jjd
3r3u,tt2p
3r7k,j4i7
3r7k,tt2p
3rdt,8vrw
3rg1,o4pj
3rxp,duba
3s1n,jo4b
3s5n,g9xy
3s61,d4t6
3sak,jo4b
3se6,o4pj
3t3r,8vrw
3t48,d4t6
3t6j,8vrw
3td2,vjny
3ttz,ymtg
3tx5,bgrt
3u13,8vrw
3v3r,d4t6
3ven,22ke
3vgu,fz7l
3vog,xhbn
3vqr,bgrt
3wc4,tt2p
3wcn,o4pj
3whb,vjny
3wyl,o4pj
3x1z,tt2p
3xa6,986e
3xa6,rw94
3xda,qsdj
3xpx,22ke
3xpx,4jjd
3xvw,duba
3xxu,o4pj
3y18,duba
3y8o,d4t6
3y8o,tt2p
3ya4,4jjd
3yg9,o4pj
3yg9,rw94
3yh8,8vrw
3yh8,o4pj
3yha,8vrw
3ywy,ymtg
3z59,8vrw
3z59,986e
412m,tt2p
412n,8vrw
412n,g9xy
419d,g9xy
41bk,8vrw
41hl,duba
41jl,8vrw
41jl,986e
41n8,ymtg
4249,8vrw
425x,v2cp
427f,d4t6
42gh,4jjd
42j2,tt2p
42tw,986e
42zb,tt2p
434e,986e
434e,h9x4
435a,qsdj
436s,j4i7
436s,ymtg
43dg,8vrw
43rp,g9xy
43rp,o4pj
44at,d4t6
44at,tt2p
455m,vjny
463n,g9xy
46az,vjny
46f8,jo4b
46lh,8vrw
46lh,o4pj
46za,4jjd
46zx,d4t6
477m,986e
47d1,g9xy
47di,g9xy
47f1,8vrw
47f1,986e
47kd,qsdj
47xn,o4pj
4825,4jjd
484k,ymtg
487r,8vrw
48cg,g9xy
48ew,8vrw
48ew,duba
48nc,tt2p
48ng,jo4b
48ok,jo4b
48pv,rw94
48v3,fz7l
493i,g9xy
49at,ymtg
49cg,8vrw
49cg,g9xy
49ev,8vrw
49ev,986e
49ev,duba
49j6,8vrw
49jv,h9x4
49na,rw94
49o1,8vrw
49um,4jjd
49x7,duba
49x7,h9x4
4a5x,h9x4
4ac2,986e
4ac2,g9xy
4ade,986e
4bdr,o4pj
4ben,h9x4
4bq3,g9xy
4bty,qsdj
4byx,o4pj
4bz8,8vrw
4bz8,986e
4c6m,8vrw
4c6m,986e
4c8f,z3b5
4cer,986e
4cgm,h9x4
4cob,h9x4
4cpe,g9xy
4dez,rw94
4dr5,xhbn
4e1x,8vrw
4eat,g9xy
4ec5,tt2p
4erb,986e
4eyp,tt2p
4fjl,986e
4fjl,duba
4fjl,o4pj
4gaq,g9xy
4gkh,qsdj
4gq9,8vrw
4gzw,ymtg
4hcn,d4t6
4hmp,986e
4hmp,g9xy
4hn3,8vrw
4hn3,g9xy
4hrd,o4pj
4ics,8vrw
4ijh,tt2p
4j6e,jo4b
4j7u,986e
4j9p,8vrw
4jbm,tt2p
4jvf,bgrt
4k9m,z3b5
4kk8,d4t6
4kwy,g9xy
4kyy,g9xy
4kyy,o4pj
4l13,z3b5
4ldm,986e
4ldm,o4pj
4lfz,xhbn
4ll2,8vrw
4lp2,8vrw
4m4v,8vrw
4md5,j4i7
4me4,fz7l
4mkn,o4pj
4mxx,tt2p
4mxx,ymtg
4nhg,4jjd
4oap,986e
4p5b,vjny
4p7n,h9x4
4p7n,o4pj
4pai,986e
4pai,o4pj
4pfa,8vrw
4pmn,h9x4
4pmp,jo4b
4pmr,8vrw
4pmr,o4pj
4pv7,d4t6
4q69,d4t6
4q69,tt2p
4qgc,4jjd
4qgc,xhbn
4qhr,8vrw
4qjr,o4pj
4qrr,986e
4qrr,h9x4
4qrr,o4pj
4r6q,986e
4rmw,986e
4rmw,g9xy
4rpv,j4i7
4ry8,d4t6
4rzs,4jjd
4s7l,8vrw
4sfn,tt2p
4sga,ymtg
4sis,duba
4sis,rw94
4sla,ymtg
4smy,g9xy
4sty,rw94
4sy1,986e
4t76,tt2p
4tbg,g9xy
4teb,8vrw
4tvg,8vrw
4tvg,986e
4twd,8vrw
4twq,duba
4u3v,tt2p
4uij,d4t6
4ulx,8vrw
4utt,j4i7
4utt,tt2p
4v19,j4i7
4v2i,o4pj
4vks,ymtg
4vok,8vrw
4vok,rw94
4vv4,h9x4
4vz9,ymtg
4w56,986e
4w9e,duba
4who,8vrw
4wl7,8vrw
4wog,vjny
4wx9,o4pj
4wy2,tt2p
4x9f,d4t6
4xdn,8vrw
4xht,d4t6
4xom,qsdj
4y8p,g9xy
4yea,986e
4yfr,g9xy
4ysi,d4t6
4yy4,986e
4yy4,duba
4z1w,o4pj
4z6i,8vrw
4z6i,h9x4
4zgi,o4pj
5157,g9xy
5157,o4pj
5177,986e
51d5,8vrw
51d5,g9xy
51lo,vjny
51q1,d4t6
51q4,tt2p
51xo,jo4b
52bb,8vrw
52bb,duba
52bb,o4pj
52km,g9xy
52km,o4pj
52ng,8vrw
52p8,d4t6
52st,8vrw
52st,986e
535n,jo4b
53k7,g9xy
53qe,vjny
53uo,d4t6
53vm,986e
53w5,bgrt
5473,8vrw
5557,g9xy
558p,bgrt
558p,qsdj
55so,duba
55so,g9xy
55w3,ymtg
56rq,ymtg
56wo,986e
56zy,986e
572y,duba
572y,h9x4
574k,h9x4
57mg,986e
57ud,z3b5
57v4,8vrw
57yt,j4i7
581i,986e
584h,986e
584h,g9xy
58ek,fz7l
58zb,8vrw
594c,bgrt
594c,jo4b
599n,ymtg
59dl,8vrw
59f8,tt2p
59lp,4jjd
59sw,fz7l
5a32,g9xy
5a32,o4pj
5a37,n4b4
5a5e,4jjd
5a6e,rw94
5adb,g9xy
5ae5,8vrw
5ae5,o4pj
5axj,d4t6
5axl,tt2p
5bnp,d4t6
5bnp,ymtg
5bry,g9xy
5bxe,g9xy
5bxe,o4pj
5c32,h9x4
5ccq,22ke
5cp8,986e
5dln,g9xy
5ech,8vrw
5eko,22ke
5eku,8vrw
5eol,d4t6
5eol,tt2p
5epd,986e
5epd,g9xy
5f37,o4pj
5f5z,8vrw
5f5z,g9xy
5f7m,o4pj
5fph,duba
5fph,o4pj
5fu4,d4t6
5g2j,8vrw
5gyt,986e
5gyt,o4pj
5h23,986e
5hdd,g9xy
5hka,8vrw
5hma,986e
5hrx,rw94
5iau,g9xy
5icq,o4pj
5imv,d4t6
5imv,j4i7
5iww,fz7l
5iww,tt2p
5ixq,o4pj
5j49,tt2p
5jdh,ymtg
5jhn,22ke
5jhn,jo4b
5kbx,986e
5kbx,duba
5kbx,o4pj
5kkh,8vrw
5kvf,vjny
5l23,duba
5ldn,986e
5ldn,o4pj
5ldq,4jjd
5li5,o4pj
5lsg,fz7l
5lxb,ymtg
5lxx,8vrw
5lxx,g9xy
5lyj,8vrw
5mq9,8vrw
5mri,22ke
5mvn,4jjd
5n4n,986e
5n7t,tt2p
5nhc,fz7l
5no4,4jjd
5o2a,986e
5ofq,duba
5oka,4jjd
5oo3,tt2p
5ow1,d4t6
5ow1,fz7l
5pjn,g9xy
5pna,986e
5pna,o4pj
5png,8vrw
5pnx,8vrw
5pof,bgrt
5pul,8vrw
5q92,8vrw
5q92,986e
5q92,rw94
5qhy,8vrw
5qsb,duba
5qv8,g9xy
5r7d,986e
5r7d,h9x4
5r7e,jttf
5ran,d4t6
5rr9,tt2p
5s92,jo4b
5scc,ymtg
5scp,8vrw
5sdp,bgrt
5svt,8vrw
5svt,o4pj
5t2a,xhbn
5t7m,986e
5tqa,h9x4
5twc,fz7l
5u61,g9xy
5u61,h9x4
5u67,jttf
5u98,tt2p
5uq8,986e
5uq8,g9xy
5usb,v2cp
5usb,vjny
5vec,o4pj
5vf6,fz7l
5vst,8vrw
5vst,o4pj
5w1e,rw94
5w2w,vjny
5wag,rw94
5x1l,tt2p
5x6l,g9xy
5x6l,o4pj
5x9v,y93m
5xzs,g9xy
5xzs,h9x4
5xzs,o4pj
5ykh,d4t6
5yqf,986e
5yqk,o4pj
5yyd,h9x4
5z22,8vrw
5z22,o4pj
5z8n,jo4b
5zg7,3buj
5zol,v2cp
614x,ymtg
61dg,986e
61p1,4jjd
62bn,4jjd
62io,986e
62sv,986e
62x3,22ke
63bv,4jjd
63sc,jo4b
644b,vjny
64h3,986e
64h3,duba
64lb,o4pj
64uk,986e
65dz,ymtg
65rs,986e
668l,8vrw
66ch,jttf
66d8,8vrw
66d8,g9xy
67a5,jo4b
67dw,o4pj
68be,g9xy
68be,h9x4
68jr,g9xy
68lo,tt2p
695v,o4pj
6989,o4pj
69cb,g9xy
69cb,rw94
69mm,986e
69rx,fz7l
69sb,d4t6
6a4j,duba
6a4j,o4pj
6aeg,h9x4
6amf,986e
6bf1,ymtg
6bpv,fz7l
6bud,d4t6
6c1c,xhbn
6c1j,rw94
6c9n,h9x4
6cmh,fz7l
6cpi,986e
6cpi,g9xy
6d97,duba
6dhu,qsdj
6dji,jo4b
6dk4,g9xy
6dnb,o4pj
6dsj,986e
6dsj,rw94
6dst,8vrw
6du9,duba
6du9,o4pj
6e6z,g9xy
6ebb,duba
6emp,8vrw
6emp,986e
6emp,h9x4
6eoj,tt2p
6eq6,986e
6etq,8vrw
6eu1,8vrw
6ex3,tt2p
6eys,h9x4
6eys,o4pj
6ezh,d4t6
6f4u,duba
6fdi,4jjd
6fkl,h9x4
6g2l,4jjd
6gl8,tt2p
6gl8,ymtg
6gok,g9xy
6h1r,986e
6h1r,g9xy
6h2a,o4pj
6h2p,duba
6h3i,g9xy
6h5b,986e
6h6o,986e
6h6o,duba
6hfw,fz7l
6hlu,8vrw
6hlu,o4pj
6hoq,g9xy
6hot,8vrw
6hot,986e
6hp4,jo4b
6iq1,8vrw
6jbf,g9xy
6jfx,xhbn
6kk2,986e
6kmc,rw94
6ko2,tt2p
6kp4,986e
6l4m,o4pj
6m6u,986e
6ndl,8vrw
6nhr,h9x4
6nhr,rw94
6nth,tt2p
6o19,o4pj
6oj6,986e
6oj6,h9x4
6org,d4t6
6org,ymtg
6otx,986e
6ovr,h9x4
6ovy,d4t6
6p3s,h9x4
6per,986e
6pf5,8vrw
6pf5,g9xy
6pke,986e
6pmi,jo4b
6pox,4jjd
6pqs,rw94
6q3z,986e
6q8s,d4t6
6qev,d4t6
6qf8,vjny
6qkk,22ke
6qv4,v2cp
6qv4,vjny
6qyp,o4pj
6r5g,g9xy
6r6w,vjny
6rbz,4jjd
6rmg,ymtg
6rpa,8vrw
6rpa,h9x4
6rty,8vrw
6rty,986e
6rty,g9xy
6ryr,4jjd
6ryr,bgrt
6s1y,986e
6s33,tt2p
6s5i,4jjd
6smi,o4pj
6snk,g9xy
6sqo,8vrw
6sxb,tt2p
6tg7,986e
6tn6,8vrw
6tn6,986e
6tn6,o4pj
6toz,o4pj
6tp8,986e
6tvw,o4pj
6u1z,986e
6u1z,o4pj
6u4x,d4t6
6uml,h9x4
6uua,tt2p
6uut,8vrw
6uut,986e
6v2b,986e
6v2b,o4pj
6v2h,jo4b
6vck,22ke
6vga,v2cp
6vh1,986e
6vhs,ymtg
6vkm,8vrw
6vkm,g9xy
6vyw,rw94
6wej,d4t6
6wej,ymtg
6wkb,rw94
6wn6,vjny
6x6y,986e
6x6y,g9xy
6x81,n4b4
6xdx,ymtg
6xx4,986e
6y6s,8vrw
6y8g,8vrw
6z83,qsdj
6zec,tt2p
6zwk,986e
712t,8vrw
712t,986e
712t,h9x4
712t,o4pj
716n,tt2p
71la,h9x4
71t8,o4pj
728b,o4pj
72lw,duba
72up,qsdj
72yv,g9xy
73le,8vrw
73nb,986e
73nb,duba
73nb,g9xy
73nb,o4pj
73ut,8vrw
74ab,d4t6
74gz,4jjd
74ms,d4t6
74ms,ymtg
74pa,ymtg
74sm,8vrw
74sm,986e
74uh,rw94
74zm,fz7l
7531,8vrw
757q,8vrw
75c1,g9xy
75gv,jo4b
75nx,duba
75vg,986e
75vg,duba
75vg,g9xy
75vg,rw94
75xu,xhbn
765i,o4pj
766k,g9xy
769v,986e
769v,o4pj
76jf,g9xy
76z5,8vrw
77dj,vjny
77fi,8vrw
77fi,duba
77fi,h9x4
77gk,986e
77w1,rw94
78c2,duba
78c2,rw94
79of,vjny
79qz,vjny
79wu,o4pj
7ams,o4pj
7ao5,tt2p
7ax9,h9x4
7ax9,o4pj
7b4v,tt2p
7bdb,4jjd
7bgu,g9xy
7bsx,986e
7bsx,g9xy
7btl,8vrw
7buo,d4t6
7bxq,rw94
7bxt,8vrw
7bxt,986e
7cd6,vjny
7cxu,o4pj
7cxu,rw94
7d9j,z3b5
7dbs,vjny
7dhl,986e
7dj1,d4t6
7dmh,ymtg
7dva,4jjd
7e89,986e
7eb3,o4pj
7eda,d4t6
7ej8,vjny
7ej8,z3b5
7ejy,8vrw
7ejy,g9xy
7ejy,o4pj
7emx,h9x4
7f7g,h9x4
7ffg,y93m
7g6q,3buj
7gm4,qsdj
7gon,rw94
7gp9,h9x4
7gqg,jo4b
7gxs,g9xy
7gzw,8vrw
7hiq,4jjd
7hwx,8vrw
7hwx,rw94
7i2n,986e
7iar,d4t6
7igj,vjny
7isg,986e
7j1t,g9xy
7jay,986e
7jg9,rw94
7juo,986e
7k7v,vjny
7ki1,z3b5
7kkg,8vrw
7klx,ymtg
7kq4,fz7l
7kwc,986e
7kwc,h9x4
7kzc,8vrw
7l2s,fz7l
7l3w,8vrw
7l3w,g9xy
7l9n,986e
7lmr,d4t6
7lmr,tt2p
7lod,4jjd
7ls8,d4t6
7m1z,jo4b
7mgp,8vrw
7mgp,g9xy
7msb,h9x4
7msb,o4pj
7n1r,986e
7n3m,8vrw
7n3m,986e
7nn1,4jjd
7nn1,jo4b
7nom,vjny
7nq5,tt2p
7nrp,qsdj
7ohk,h9x4
7ohp,jo4b
7omi,986e
7ope,tt2p
7p31,8vrw
7p31,o4pj
7p3r,o4pj
7p69,8vrw
7p69,986e
7p69,o4pj
7p69,rw94
7p7f,tt2p
7p8r,tt2p
7pcs,986e
7psd,g9xy
7q3g,d4t6
7qzx,8vrw
7qzx,g9xy
7r5i,8vrw
7r7g,v2cp
7rae,986e
7rae,rw94
7ruu,8vrw
7s8x,duba
7sb3,986e
7sng,8vrw
7snp,8vrw
7stv,o4pj
7suu,g9xy
7suu,o4pj
7t2s,8vrw
7t2s,986e
7t2w,986e
7tdy,tt2p
7tkm,986e
7tnz,ymtg
7ttg,8vrw
7ttg,986e
7u5v,986e
7u91,g9xy
7ut4,duba
7uup,8vrw
7uup,986e
7uw5,g9xy
7uw5,h9x4
7v13,g9xy
7vaa,o4pj
7vdc,o4pj
7vfa,d4t6
7vzk,986e
7vzk,duba
7w1f,8vrw
7w1f,duba
7wcb,22ke
7wcb,xhbn
7wjy,vjny
7wom,986e
7xh1,xhbn
7xrr,h9x4
7xxq,fz7l
7yba,22ke
7yia,d4t6
7yv9,xhbn
7z83,d4t6
7z8q,8vrw
7zgv,d4t6
7zgv,tt2p
7zon,jttf
7zpy,duba
7zqe,h9x4
7zsm,bgrt
812y,8vrw
81n2,ymtg
81ot,o4pj
81r2,ymtg
826l,duba
827f,o4pj
82ao,z3b5
82ei,vjny
82lr,d4t6
834z,rw94
83fv,duba
83fv,rw94
83tt,v2cp
83vz,jttf
846d,jo4b
848n,bgrt
84h9,vjny
84kn,jo4b
8529,8vrw
8529,986e
856n,8vrw
8586,8vrw
85i4,o4pj
85x2,8vrw
85x2,986e
8637,vjny
865j,z3b5
86db,tt2p
86dv,8vrw
86kk,8vrw
86mb,986e
86zu,8vrw
86zu,986e
8752,d4t6
876n,vjny
87af,h9x4
87mh,986e
87yz,jo4b
881r,rw94
882z,4jjd
882z,qsdj
88q6,g9xy
893t,duba
897w,j4i7
89i6,vjny
89z6,ymtg
8a59,986e
8a59,duba
8a9d,jttf
8aaa,8vrw
8aaa,rw94
8aph,wn32
8at1,d4t6
8az8,ymtg
8ba2,o4pj
8bb7,8vrw
8bjm,vjny
8bpu,986e
8c4n,8vrw
8c4n,986e
8c6j,jo4b
8cbd,8vrw
8cbd,986e
8cbd,o4pj
8cgf,xhbn
8cq8,duba
8cq8,g9xy
8cxl,tt2p
8czh,8vrw
8dbf,d4t6
8ddj,o4pj
8dhx,d4t6
8dn5,jttf
8drc,g9xy
8dvb,vjny
8edt,fz7l
8edt,tt2p
8eik,xhbn
8en1,tt2p
8enn,d4t6
8f1l,g9xy
8f3x,z3b5
8f4n,22ke
8fej,tt2p
8fhq,vjny
8fnl,jo4b
8fxt,qsdj
8fxx,986e
8fxx,o4pj
8fyc,bgrt
8g3m,jo4b
8g6a,h9x4
8g6a,o4pj
8g6k,rw94
8g91,g9xy
8gsu,ymtg
8h2e,xhbn
8h2g,xhbn
8h3d,o4pj
8h4w,d4t6
8hjh,vjny
8hu4,g9xy
8hu4,h9x4
8hvv,tt2p
8hz7,g9xy
8hz7,rw94
8i36,tt2p
8i4v,ymtg
8i5u,v2cp
8im2,h9x4
8iqb,986e
8iqb,h9x4
8j5e,tt2p
8jik,g9xy
8jrn,ymtg
8jzq,d4t6
8jzq,ymtg
8k36,qsdj
8k8n,986e
8ka3,xhbn
8kao,tt2p
8kro,jo4b
8ktf,8vrw
8l1q,d4t6
8lam,vjny
8lqz,d4t6
8lth,g9xy
8lye,d4t6
8m4p,8vrw
8m4p,o4pj
8mqs,vjny
8mwt,jo4b
8nez,qsdj
8njk,jo4b
8noy,986e
8nq9,986e
8nq9,g9xy
8nqx,g9xy
8nqx,o4pj
8o4z,duba
8o89,rw94
8oid,o4pj
8orv,8vrw
8pgx,o4pj
8pgx,rw94
8pmk,d4t6
8pmk,tt2p
8pou,h9x4
8ps5,tt2p
8ps6,j4i7
8q3y,986e
8q7q,g9xy
8q7q,o4pj
8r3l,jo4b
8r4b,duba
8r7w,d4t6
8r7w,tt2p
8rd5,g9xy
8rdc,bgrt
8rdv,d4t6
8rkp,jo4b
8rr1,v2cp
8rsq,4jjd
8ryk,g9xy
8sux,8vrw
8sxs,tt2p
8sy2,h9x4
8t8a,4jjd
8t8t,8vrw
8tdf,g9xy
8tnt,o4pj
8tp7,z3b5
8u8c,rw94
8ubl,d4t6
8ukm,986e
8up8,rw94
8v7d,qsdj
8vqp,986e
8w7k,h9x4
8w8d,986e
8wvd,tt2p
8xbr,8vrw
8xbz,d4t6
8xcr,8vrw
8xvy,986e
8xy4,g9xy
8xy4,o4pj
8xzb,jo4b
8y1t,duba
8yc4,tt2p
8yfo,d4t6
8yik,d4t6
8yow,986e
8yty,986e
8zc7,h9x4
8zc7,o4pj
8ztf,8vrw
8ztf,986e
8ztf,o4pj
913m,h9x4
91e7,986e
91fz,g9xy
91fz,o4pj
91iu,986e
92ba,8vrw
92ba,o4pj
92ba,rw94
92dv,o4pj
92dz,duba
92kp,986e
92mk,o4pj
92mk,rw94
92q9,8vrw
92q9,o4pj
92w4,jttf
937o,o4pj
938m,o4pj
93c1,vjny
93eh,tt2p
93oj,986e
93oj,rw94
93tn,8vrw
93vn,8vrw
9475,d4t6
94fh,o4pj
94hn,d4t6
94ig,986e
94mb,g9xy
94mb,rw94
94pp,986e
94y1,g9xy
957o,8vrw
957o,986e
958y,o4pj
9594,j4i7
9594,ymtg
95f1,h9x4
961k,rw94
96fx,d4t6
96ih,8vrw
96l2,o4pj
96pf,duba
96pf,g9xy
973a,986e
973a,duba
974r,ymtg
975x,8vrw
978k,986e
97bd,duba
97t1,o4pj
97vb,h9x4
996x,8vrw
99d4,qsdj
99ej,4jjd
99eo,j4i7
99ir,o4pj
99ir,rw94
99qo,d4t6
9a89,tt2p
9a89,ymtg
9ab2,986e
9aey,duba
9afo,986e
9afo,g9xy
9agd,d4t6
9auh,d4t6
9auh,tt2p
9b4o,j4i7
9b4z,fz7l
9b7n,8vrw
9bzj,d4t6
9bzj,tt2p
9c8o,d4t6
9c8o,tt2p
9cgt,o4pj
9cig,ymtg
9d7o,jttf
9dr6,tt2p
9dw8,8vrw
9dw8,duba
9e3u,tt2p
9een,jo4b
9ekb,8vrw
9ekb,986e
9ekb,g9xy
9ekb,o4pj
9eyl,d4t6
9f71,986e
9fap,fz7l
9g3o,g9xy
9g3o,rw94
9gpw,g9xy
9gt3,jo4b
9gu6,d4t6
9gue,duba
9h1g,d4t6
9h96,o4pj
9hho,d4t6
9hki,vjny
9hlv,8vrw
9hlv,986e
9hlv,h9x4
9hnc,8vrw
9hnc,duba
9hnc,h9x4
9hux,rw94
9hyd,986e
9hzi,qsdj
9j7p,986e
9j7p,h9x4
9jns,d4t6
9jns,fz7l
9joc,22ke
9jto,rw94
9kdd,duba
9key,g9xy
9key,o4pj
9kiy,g9xy
9klx,o4pj
9kt6,g9xy
9kzr,d4t6
9l11,986e
9lq1,o4pj
9luk,8vrw
9m11,h9x4
9m2n,986e
9m2n,duba
9mq1,8vrw
9msf,986e
9mwt,8vrw
9mwt,o4pj
9nmo,986e
9np1,8vrw
9nxt,8vrw
9nxt,986e
9nxt,o4pj
9o1m,rw94
9o8v,8vrw
9oeo,8vrw
9oeo,986e
9oxt,v2cp
9p1m,d4t6
9p5q,g9xy
9p7s,duba
9pbs,tt2p
9pda,8vrw
9pda,986e
9pui,986e
9pwi,8vrw
9pwi,o4pj
9pyl,z3b5
9q3e,d4t6
9q3f,j4i7
9q5q,o4pj
9qa6,8vrw
9qa6,o4pj
9qqs,d4t6
9r1h,j4i7
9r2r,986e
9r92,4jjd
9rcj,986e
9ruv,tt2p
9rvl,rw94
9skl,j4i7
9sne,986e
9sok,ymtg
9sr1,g9xy
9t9n,vjny
9td6,d4t6
9thr,duba
9thr,g9xy
9thr,h9x4
9thr,o4pj
9u3z,986e
9u7i,986e
9u8o,v2cp
9u9y,986e
9v2u,986e
9vbz,d4t6
9vir,986e
9vir,o4pj
9vqr,8vrw
9vqr,986e
9vsh,o4pj
9vst,rw94
9vvj,y93m
9w6i,o4pj
9w9y,rw94
9wh5,986e
9wkk,ymtg
9wy4,986e
9x11,g9xy
9x11,h9x4
9x4j,o4pj
9xxy,fz7l
9xxy,ymtg
9xy3,d4t6
9xy3,tt2p
9xy3,ymtg
9y3r,duba
9y64,duba
9yf9,bgrt
9yf9,jo4b
9z2j,ymtg
9z59,986e
9z59,o4pj
9zs4,8vrw
9zsy,duba
a1ir,8vrw
a1sd,4jjd
a1ye,vjny
a2fq,ymtg
a2wm,g9xy
a38h,vjny
a3a7,o4pj
a3az,8vrw
a3nn,g9xy
a41x,8vrw
a41x,o4pj
a4po,duba
a4uw,8vrw
a4x6,g9xy
a4x6,o4pj
a591,rw94
a5k3,jo4b
a6qx,d4t6
a6qx,fz7l
a72u,8vrw
a72u,986e
a72u,rw94
a7ct,g9xy
a7ct,o4pj
a7ct,rw94
a7ia,8vrw
a85f,d4t6
a86g,d4t6
a8ln,8vrw
a97c,jo4b
a97c,qsdj
a9d1,8vrw
a9d1,g9xy
a9d1,h9x4
a9d1,o4pj
a9em,z3b5
a9v9,d4t6
a9xc,986e
aaaf,d4t6
aak7,tt2p
ab8n,4jjd
ab8q,j4i7
abnt,o4pj
abr1,d4t6
abrx,ymtg
absz,vjny
abya,qsdj
ac43,o4pj
acj3,v2cp
aclu,vjny
acmy,jo4b
acol,o4pj
acx7,8vrw
acx7,o4pj
aczx,4jjd
ad4k,o4pj
ad5w,986e
ad5w,rw94
adho,8vrw
adjn,g9xy
adm3,g9xy
adm3,o4pj
adt6,o4pj
aefa,d4t6
aemf,986e
aemf,o4pj
aeof,fz7l
aeof,ymtg
aetg,duba
aevs,3buj
aezq,qsdj
af62,g9xy
affu,986e
affu,g9xy
ag94,8vrw
ag94,o4pj
agea,z3b5
agel,986e
aghg,d4t6
aghg,fz7l
aguh,bgrt
agys,z3b5
ah5c,bgrt
ah6b,qsdj
ahd2,rw94
ahep,8vrw
ahgg,g9xy
ahje,o4pj
ahkq,tt2p
aho3,o4pj
ai2i,4jjd
aibc,tt2p
aiqc,g9xy
aitm,tt2p
aiwz,duba
ajb2,986e
ajb2,h9x4
ajb2,rw94
ajbw,d4t6
aje4,ymtg
ajov,3buj
ajrq,h9x4
ajrq,o4pj
ajsy,d4t6
ajwr,g9xy
ajx7,o4pj
ak59,986e
ak59,o4pj
akid,j4i7
akkh,8vrw
akkh,986e
aklr,g9xy
aklr,o4pj
akmh,o4pj
al1u,986e
al7f,g9xy
ala7,y93m
alnf,8vrw
alnf,o4pj
alpd,8vrw
alv4,986e
am9f,ymtg
am9y,8vrw
am9y,duba
amja,8vrw
aml5,vjny
amm9,o4pj
amqw,h9x4
amvp,986e
amyh,4jjd
amyw,jo4b
an2y,o4pj
an37,fz7l
ao3g,d4t6
aoe1,986e
aonl,986e
aonl,o4pj
aosj,8vrw
aotx,vjny
ap1e,fz7l
apfd,rw94
apni,8vrw
aqdn,8vrw
aqqm,986e
ar1w,4jjd
ar2e,ymtg
ar81,o4pj
arkb,8vrw
arkb,rw94
artk,986e
arxh,vjny
as1b,ymtg
asb1,986e
asc2,986e
asc2,rw94
ast6,986e
ast6,duba
at48,tt2p
at61,h9x4
at9p,d4t6
atko,tt2p
atqh,tt2p
au79,h9x4
aumq,g9xy
aut7,rw94
auwv,fz7l
auwv,tt2p
av3o,986e
av4d,8vrw
av5l,8vrw
avcq,fz7l
avjo,jttf
avps,986e
avtx,986e
awwi,986e
awz1,986e
axcp,h9x4
axcp,rw94
axen,o4pj
axhh,4jjd
axkp,8vrw
axkp,986e
axkp,o4pj
ay1k,qsdj
ayuv,z3b5
az2y,qsdj
az5y,8vrw
azcl,rw94
azgc,h9x4
azj4,8vrw
azl4,8vrw
azl4,g9xy
azl4,rw94
azll,z3b5
azm1,o4pj
azm1,rw94
azsv,rw94
azxp,o4pj
b1ak,g9xy
b1mk,8vrw
b1mk,o4pj
b1mk,rw94
b1re,vjny
b1rr,8vrw
b1rr,o4pj
b1yp,z3b5
b21o,h9x4
b2cr,d4t6
b2e2,d4t6
b2ns,rw94
b2sh,986e
b3aq,8vrw
b3aq,o4pj
b3b3,4jjd
b3fh,o4pj
b3hg,o4pj
b3yg,4jjd
b41b,fz7l
b43p,o4pj
b4ea,o4pj
b4ip,duba
b4m1,rw94
b4pf,8vrw
b5dg,o4pj
b5nh,fz7l
b6br,ymtg
b6qe,h9x4
b7bv,g9xy
b7fm,tt2p
b7fq,4jjd
b7iw,986e
b7wh,tt2p
b7zg,rw94
b84c,g9xy
b89z,8vrw
b89z,o4pj
b8uo,fz7l
b8wu,22ke
b8xz,d4t6
b94g,o4pj
b95x,986e
b9ke,j4i7
b9vi,ymtg
ba7e,duba
ba7e,o4pj
ba8b,d4t6
badb,qsdj
batl,o4pj
bb1x,d4t6
bb3v,d4t6
bb3v,fz7l
bbar,duba
bbar,rw94
bbh2,duba
bbzv,8vrw
bc57,bgrt
bd18,o4pj
bdfw,o4pj
bdsv,o4pj
bdu4,986e
bedq,g9xy
bedq,h9x4
beit,g9xy
bep6,986e
bep6,rw94
bert,duba
bes6,g9xy
bes6,o4pj
bevi,o4pj
bf2y,8vrw
bf2y,986e
bf7p,d4t6
bfdo,duba
bfgq,4jjd
bfi1,ymtg
bggv,o4pj
bgpq,duba
bgrc,8vrw
bgrc,986e
bgt9,fz7l
bh25,d4t6
bh7d,d4t6
bhnw,g9xy
bi3v,g9xy
bimj,g9xy
biwe,v2cp
biyb,vjny
bj4i,o4pj
bj9q,duba
bjnm,986e
bjq7,986e
bjxw,986e
bjxw,o4pj
bk3s,jo4b
bk7k,4jjd
bk7k,qsdj
bk8f,ymtg
bkcp,986e
bke6,8vrw
bklg,8vrw
bklg,o4pj
bkst,o4pj
bkwu,986e
bkwu,duba
bkyh,duba
bkyh,o4pj
bl5r,g9xy
blct,v2cp
blct,z3b5
blcz,fz7l
ble5,jo4b
blfd,o4pj
bm8s,vjny
bmer,8vrw
bmfk,d4t6
bmfk,fz7l
bmpb,o4pj
bmxh,g9xy
bmyj,986e
bmyj,rw94
bnhh,8vrw
bnhh,986e
bnkw,duba
bnkw,rw94
bnxa,duba
bnxw,o4pj
bnxw,wn32
boc9,g9xy
bocn,rw94
bok5,o4pj
bopi,z3b5
bp13,fz7l
bp13,ymtg
bp2a,z3b5
bp2k,z3b5
bpr2,h9x4
bq3m,jo4b
bqbc,8vrw
bqbc,986e
br6p,3buj
br6p,4jjd
br9h,fz7l
brn4,o4pj
brr5,8vrw
brua,8vrw
bruq,fz7l
bruq,ymtg
bsbv,qsdj
bsml,duba
bsml,h9x4
bsye,duba
bt6k,tt2p
btdv,d4t6
btdv,tt2p
btdz,duba
btuq,h9x4
btwm,h9x4
bu5j,tt2p
bu5j,ymtg
buc2,g9xy
buc2,o4pj
bugz,3buj
bukt,h9x4
buz3,jttf
bv5k,d4t6
bv8r,fz7l
bvbu,g9xy
bvdb,8vrw
bvgu,986e
bwg1,qsdj
bwhy,vjny
bwp6,4jjd
bwrq,8vrw
bwx2,d4t6
bx4g,ymtg
bx9r,d4t6
bxbq,d4t6
bxn1,d4t6
bxn1,ymtg
bxx4,jo4b
by6b,986e
by6m,g9xy
byxl,vjny
bz9n,jttf
bzkf,d4t6
bzyh,g9xy
c12n,vjny
c1nd,8vrw
c1vo,8vrw
c1y3,986e
c22l,ymtg
c2bq,duba
c2kh,d4t6
c2q9,tt2p
c3lh,8vrw
c3tj,duba
c436,8vrw
c436,o4pj
c45t,8vrw
c46p,8vrw
c4ez,h9x4
c4ja,986e
c4qt,vjny
c4sq,o4pj
c4yy,tt2p
c55v,ymtg
c58s,986e
c58s,o4pj
c5y1,986e
c6ca,g9xy
c6dg,986e
c6dg,o4pj
c6nv,bgrt
c6rx,o4pj
c7hg,d4t6
c7hh,986e
c7qg,986e
c7wx,d4t6
c7xn,4jjd
c81m,986e
c81m,o4pj
c81v,d4t6
c8m4,fz7l
c8m4,ymtg
c8xy,o4pj
c97z,986e
c97z,g9xy
c9ah,o4pj
c9mz,g9xy
c9nk,tt2p
c9um,8vrw
ca76,d4t6
caqh,d4t6
caxw,986e
cb1l,986e
cbcr,d4t6
cbue,8vrw
cbue,986e
cby5,qsdj
cc3w,ymtg
cc5n,fz7l
cc98,z3b5
ccbl,tt2p
cczt,8vrw
cd54,g9xy
cd54,o4pj
cdbr,fz7l
cdlt,986e
ce4g,ymtg
cecb,8vrw
ceza,4jjd
cfdl,g9xy
cfka,rw94
cfo3,o4pj
cfsp,bgrt
cg6v,o4pj
cgnd,duba
cgwn,22ke
cgwq,o4pj
ch28,v2cp
chfw,bgrt
chfw,xhbn
chfz,3buj
chjz,tt2p
chnk,8vrw
chnk,986e
chnk,o4pj
chno,fz7l
choe,g9xy
chrq,o4pj
chty,duba
cidt,z3b5
cigg,g9xy
cigg,wn32
cikv,o4pj
citz,8vrw
citz,986e
citz,duba
cjaa,jo4b
cjce,8vrw
ck79,ymtg
ck7i,o4pj
ck9o,986e
ckab,duba
ckab,o4pj
ckac,g9xy
ckac,h9x4
ckkl,tt2p
ckv4,d4t6
ckwl,o4pj
ckyb,duba
ckyb,h9x4
cl1n,rw94
cl5b,duba
cl83,986e
cl83,h9x4
cld4,d4t6
cljm,g9xy
clpt,fz7l
cm2o,8vrw
cm7i,d4t6
cobv,986e
coex,d4t6
coi5,986e
cos8,fz7l
coss,986e
cowz,o4pj
coxn,g9xy
cpek,986e
cpek,h9x4
cpot,o4pj
cpxn,jo4b
cpzt,y93m
cq1l,jo4b
cq2z,986e
cqf2,h9x4
cqil,vjny
cqiz,986e
cqiz,o4pj
cqk3,8vrw
crdw,g9xy
crma,fz7l
crwr,8vrw
cs2p,ymtg
csb4,tt2p
csdb,8vrw
csfb,986e
csfb,o4pj
csm6,vjny
ct6a,n4b4
ctqd,o4pj
cu6u,o4pj
cuew,vjny
cug2,rw94
cuy1,fz7l
cuy1,ymtg
cvkg,o4pj
cvni,986e
cvue,o4pj
cw7i,h9x4
cw9i,986e
cwbm,j4i7
cwf9,d4t6
cwf9,tt2p
cwhk,xhbn
cwmi,o4pj
cy33,986e
cy5z,986e
cy8b,986e
cyfd,g9xy
cyho,jo4b
cyj2,jo4b
cyuc,986e
cz6b,fz7l
cz6i,4jjd
cz9w,8vrw
cz9w,986e
czdy,g9xy
czmj,g9xy
czmj,rw94
czx9,g9xy
czx9,o4pj
d1bo,8vrw
d1bo,986e
d1bo,o4pj
d1dl,o4pj
d1lo,4jjd
d1lo,qsdj
d1uv,986e
d1uv,g9xy
d1w9,o4pj
d21u,4jjd
d2gt,8vrw
d2mt,8vrw
d2mt,o4pj
d2qi,vjny
d33i,duba
d34m,g9xy
d3fo,tt2p
d3o4,tt2p
d43z,g9xy
d4ca,8vrw
d4ca,o4pj
d4fp,4jjd
d4g2,duba
d4g2,g9xy
d4g2,o4pj
d4le,jo4b
d4le,jttf
d5q6,jo4b
d5qp,4jjd
d5t3,986e
d5t3,o4pj
d5x8,4jjd
d69z,4jjd
d6d8,4jjd
d6jq,d4t6
d6xm,jo4b
d77t,jo4b
d7cr,jo4b
d7cr,xhbn
d7ko,986e
d7ko,h9x4
d7x8,g9xy
d7xq,4jjd
d83r,tt2p
d8a2,duba
d8a2,g9xy
d8bc,rw94
d8bv,22ke
d8fk,jo4b
d8ix,4jjd
d8mf,y93m
d91t,fz7l
d957,vjny
dad9,rw94
dah4,g9xy
db9p,986e
db9p,duba
db9p,h9x4
db9p,o4pj
dbak,rw94
dbbv,jo4b
dbdz,986e
dbdz,duba
dbk2,qsdj
dbk2,xhbn
dble,986e
dble,o4pj
dc5j,986e
dcaj,8vrw
dcaj,986e
dcod,d4t6
dd1t,ymtg
dd24,d4t6
dd3h,ymtg
dd3w,8vrw
ddcd,jo4b
dddm,rw94
ddk2,8vrw
ddk2,g9xy
ddk2,o4pj
ddn8,duba
de7j,4jjd
de7v,8vrw
de7v,duba
dehb,v2cp
del6,rw94
devm,g9xy
devm,o4pj
df9q,4jjd
dfki,4jjd
dfki,bgrt
dfl8,8vrw
dfl8,986e
dfl8,g9xy
dfre,o4pj
dg2e,jttf
dgbc,8vrw
dgcx,8vrw
dggp,g9xy
dgms,jo4b
dgoj,fz7l
dguw,j4i7
dguw,ymtg
dgzc,qsdj
dgzy,o4pj
dh6n,g9xy
dhei,g9xy
dhei,h9x4
dhmv,d4t6
di2e,duba
di2e,o4pj
di6q,o4pj
digg,z3b5
dj1o,g9xy
dj5m,986e
djc9,986e
djc9,duba
djdg,xhbn
djjo,tt2p
djmt,v2cp
djw4,jo4b
djxq,ymtg
dk73,986e
dk7k,d4t6
dk7k,ymtg
dk7r,tt2p
dka8,8vrw
dkib,o4pj
dkk4,8vrw
dkk4,duba
dkk4,rw94
dkkx,ymtg
dknm,tt2p
dkva,d4t6
dldx,986e
dlem,o4pj
dlh7,duba
dlja,tt2p
dlja,ymtg
dmcm,z3b5
dmna,duba
dmna,rw94
dn3b,8vrw
dncc,tt2p
dncw,8vrw
dnhw,986e
dnhw,o4pj
dnks,wn32
dnln,4jjd
dnwa,986e
do8w,8vrw
do8w,986e
do91,h9x4
dovy,g9xy
dpbl,o4pj
dpbl,rw94
dpm9,ymtg
dpmc,o4pj
dpqn,jo4b
dprn,986e
dprz,d4t6
dpuy,d4t6
dq64,8vrw
dqcl,g9xy
dqp6,g9xy
dqve,986e
driq,8vrw
driq,986e
drof,o4pj
drqi,o4pj
drrg,jttf
ds2q,duba
ds83,g9xy
dt4h,4jjd
dt7q,xhbn
dtw7,tt2p
dtxk,8vrw
dtzs,8vrw
dtzs,g9xy
duns,jo4b
dur4,8vrw
dur4,986e
dv52,o4pj
dv6w,986e
dve7,xhbn
dvl5,4jjd
dw4i,h9x4
dw65,3buj
dw7b,4jjd
dwhj,d4t6
dxb3,8vrw
dxb3,g9xy
dxnp,z3b5
dxve,8vrw
dy11,v2cp
dy4z,duba
dy7w,g9xy
dybx,d4t6
dych,d4t6
dyd1,8vrw
dyd1,o4pj
dytj,ymtg
dzjh,8vrw
dzjh,duba
dzjh,g9xy
dzvz,986e
dzvz,h9x4
dzvz,o4pj
e189,ymtg
e18v,vjny
e1aa,g9xy
e1og,tt2p
e262,h9x4
e262,o4pj
e2eh,d4t6
e2hw,g9xy
e2kf,o4pj
e2mz,rw94
e2uf,y93m
e3da,986e
e3da,o4pj
e3ek,8vrw
e3ek,o4pj
e3ol,986e
e43j,jo4b
e47n,o4pj
e4ed,rw94
e4ef,rw94
e4mi,986e
e4mi,wn32
e4pp,8vrw
e4t9,g9xy
e652,986e
e652,h9x4
e6ii,8vrw
e6mm,8vrw
e6pk,g9xy
e6ws,bgrt
e6ws,jo4b
e71f,986e
e71f,g9xy
e71f,o4pj
e71u,g9xy
e71u,o4pj
e74p,g9xy
e74z,duba
e79e,986e
e7bl,bgrt
e7e5,h9x4
e7sz,d4t6
e88y,8vrw
e88y,o4pj
e8ki,o4pj
e8xz,o4pj
e8zi,g9xy
e8zi,o4pj
e974,h9x4
e9gb,d4t6
e9mz,o4pj
e9p3,o4pj
e9xg,o4pj
ea3j,jo4b
eaa5,8vrw
eatq,ymtg
eb4u,xhbn
eb4z,jo4b
ebjn,ymtg
ebm7,4jjd
ebqi,986e
ec5p,3buj
ecak,ymtg
ecbq,8vrw
ecbq,986e
ecbq,g9xy
ecmu,8vrw
ecmu,g9xy
ed64,986e
edph,4jjd
edv1,8vrw
edxt,4jjd
ee1f,g9xy
eeo1,986e
eeoc,d4t6
eeql,8vrw
eeql,o4pj
ef9n,z3b5
efdr,d4t6
efmb,jttf
egd5,4jjd
eghi,z3b5
egj7,qsdj
egka,g9xy
egq1,8vrw
egq1,986e
egq1,g9xy
egye,d4t6
eh2n,986e
eh2n,o4pj
eh2u,vjny
eh4j,h9x4
eh6q,fz7l
ehch,o4pj
ehfy,8vrw
ehfy,h9x4
ehfy,o4pj
ehgr,fz7l
ehij,h9x4
ehmh,d4t6
ei1p,8vrw
ei1p,986e
ei25,tt2p
ei5p,rw94
ei8o,fz7l
ei9c,d4t6
ei9c,fz7l
ei9c,tt2p
eiet,986e
eigb,g9xy
eimn,986e
ej1x,8vrw
ej8c,g9xy
ejeh,jo4b
ejfa,h9x4
ejju,g9xy
ek68,jo4b
ekaz,fz7l
ekch,fz7l
ekch,tt2p
ekxj,o4pj
el2q,tt2p
elrm,986e
emk2,qsdj
emp9,tt2p
emtn,bgrt
emu6,22ke
emu6,jo4b
en9g,duba
en9g,g9xy
eng4,duba
enq7,h9x4
eo58,tt2p
eobe,vjny
eof4,jo4b
eojt,h9x4
eop4,986e
eopu,g9xy
epkc,h9x4
epzb,4jjd
eqa8,986e
eqa8,h9x4
eqdy,986e
eqjo,986e
eqsz,8vrw
eqsz,986e
eqyf,986e
eqyf,o4pj
eqyf,wn32
er7t,vjny
esdr,8vrw
esdr,rw94
esfb,o4pj
esfl,ymtg
esfr,ymtg
eshp,986e
esls,rw94
et5n,h9x4
etak,o4pj
ethl,d4t6
etrm,h9x4
etwt,8vrw
etwt,duba
etx8,h9x4
etyx,8vrw
etyx,o4pj
euln,8vrw
eun4,8vrw
ev6m,rw94
evxi,986e
evya,rw94
ew9b,qsdj
ew9s,vjny
ewrz,986e
ewrz,duba
ewrz,o4pj
ewx4,986e
ewzo,4jjd
ewzo,qsdj
ex3m,fz7l
ex3p,o4pj
ex7d,8vrw
ex7d,g9xy
exho,8vrw
exho,duba
exho,g9xy
exho,rw94
exie,g9xy
exlp,g9xy
exnh,g9xy
exrk,o4pj
exwg,8vrw
exwr,g9xy
exy1,fz7l
ey3c,qsdj
eyhu,tt2p
eyhu,ymtg
ez2z,qsdj
ez9n,o4pj
eza1,rw94
ezae,duba
eze7,ymtg
ezj8,o4pj
ezqy,duba
ezsz,8vrw
ezsz,g9xy
f1kt,tt2p
f1ou,h9x4
f1ti,986e
f1y2,g9xy
f1y2,o4pj
f21c,8vrw
f21c,o4pj
f2dv,tt2p
f2o2,g9xy
f3et,xhbn
f3y4,duba
f41f,8vrw
f482,8vrw
f4aw,d4t6
f4kr,xhbn
f4lg,986e
f4rl,8vrw
f53a,duba
f55w,986e
f55w,o4pj
f592,d4t6
f592,fz7l
f592,tt2p
f5f8,o4pj
f5qw,8vrw
f5qw,h9x4
f62w,8vrw
f62w,duba
f6ed,8vrw
f6k9,duba
f6rw,986e
f6vv,d4t6
f6zy,8vrw
f737,986e
f737,duba
f7v8,tt2p
f7zg,8vrw
f7zg,986e
f813,o4pj
f81c,986e
f81c,o4pj
f84b,tt2p
f8dr,d4t6
f8si,jo4b
f8zn,rw94
f9bt,j4i7
f9cn,d4t6
f9j1,4jjd
f9m4,duba
f9m4,g9xy
f9m4,h9x4
f9mf,o4pj
f9qo,8vrw
fahk,jo4b
fayn,986e
fbc9,4jjd
fbla,8vrw
fbn3,986e
fbsh,o4pj
fbtt,4jjd
fc6o,986e
fcgp,d4t6
fcms,duba
fd65,8vrw
fd9i,wn32
fdjy,o4pj
fdx5,d4t6
fdy3,d4t6
fel5,j4i7
fevr,8vrw
fevr,986e
fevr,o4pj
fewy,d4t6
ff6e,y93m
ffe1,h9x4
ffi1,8vrw
ffkp,tt2p
fftb,o4pj
ffx1,8vrw
ffx1,986e
fgcd,rw94
fgqo,tt2p
fh2t,o4pj
fh3g,d4t6
fiat,tt2p
fik1,bgrt
fikd,o4pj
fiwj,duba
fiwo,d4t6
fj1m,jo4b
fj24,g9xy
fjlb,4jjd
fket,rw94
fkgj,rw94
fkq3,ymtg
fks5,duba
fkui,duba
fkui,g9xy
flks,h9x4
fltk,o4pj
flzg,tt2p
flzt,8vrw
fme5,h9x4
fmhc,duba
fmhc,g9xy
fmoe,fz7l
fn37,jo4b
fn5i,fz7l
fn97,986e
fncg,8vrw
fncg,g9xy
fndm,vjny
fnew,986e
fnpl,4jjd
fnr7,986e
fo1u,g9xy
fo2w,tt2p
fove,tt2p
foyn,o4pj
fp1x,o4pj
fp3f,4jjd
fp4v,8vrw
fp4v,o4pj
fp4v,rw94
fp7y,8vrw
fp7y,986e
fpdx,y93m
fpfd,8vrw
fpic,o4pj
fps9,986e
fps9,rw94
fqdd,986e
fqi5,jo4b
fqwc,jo4b
fr4f,duba
fren,986e
fren,duba
fren,g9xy
frf3,986e
frmi,8vrw
frmi,986e
frmi,g9xy
fs8j,vjny
fs8q,jo4b
fscq,8vrw
fscq,h9x4
fsgo,986e
fsgw,z3b5
fsjl,tt2p
fskt,tt2p
fsqo,qsdj
fsxx,tt2p
ft1p,ymtg
ft9k,986e
ftbx,986e
ftbx,o4pj
fte6,ymtg
ftlb,fz7l
ftwk,8vrw
ftzn,g9xy
fu1f,tt2p
fucu,g9xy
fucu,o4pj
fui6,duba
fui6,rw94
fujl,986e
fv9w,o4pj
fvbq,qsdj
fvjv,d4t6
fvtw,jo4b
fvvx,z3b5
fvx4,8vrw
fvx4,duba
fvxk,8vrw
fw4p,d4t6
fw4p,ymtg
fwg4,qsdj
fwi8,986e
fwkb,8vrw
fwkb,g9xy
fx5p,8vrw
fx78,ymtg
fxgs,qsdj
fxww,g9xy
fy1h,d4t6
fy5h,8vrw
fy7b,8vrw
fy7b,986e
fy7b,duba
fy7b,rw94
fy8l,4jjd
fy9t,o4pj
fyb2,8vrw
fyjk,o4pj
fyld,duba
fz6n,duba
fz6n,g9xy
fz8q,8vrw
fz8q,986e
fz8r,8vrw
fz8r,986e
fzb2,4jjd
fzbw,tt2p
fzdt,jo4b
fzq1,o4pj
fzq1,rw94
fzqc,jo4b
fzsv,z3b5
fzws,d4t6
g11u,986e
g11u,h9x4
g11u,o4pj
g1e8,d4t6
g1jk,986e
g1jk,o4pj
g1ko,8vrw
g1ko,g9xy
g1ko,h9x4
g1ko,o4pj
g1mp,vjny
g1w5,8vrw
g1xm,d4t6
g1zy,jo4b
g278,8vrw
g2ag,duba
g2bv,rw94
g2ih,8vrw
g2ih,o4pj
g2ih,rw94
g2ms,h9x4
g2r4,986e
g2r4,g9xy
g2u5,fz7l
g2v2,tt2p
g2wq,8vrw
g384,jo4b
g38b,d4t6
g3lc,tt2p
g49r,o4pj
g49r,rw94
g4a2,ymtg
g4jm,tt2p
g4t6,tt2p
g4tt,4jjd
g51a,o4pj
g5bn,xhbn
g5jb,duba
g5q6,vjny
g5u8,rw94
g673,rw94
g68o,g9xy
g6c6,986e
g6c6,g9xy
g6c6,o4pj
g6is,g9xy
g6is,o4pj
g6ph,xhbn
g6q3,g9xy
g6q3,h9x4
g6q3,o4pj
g6th,jttf
g6vz,g9xy
g6w6,986e
g6w6,o4pj
g6zl,jo4b
g7gk,22ke
g7gk,xhbn
g7on,8vrw
g7on,g9xy
g7wz,o4pj
g7x5,986e
g8ad,h9x4
g8gl,duba
g8hc,tt2p
g8hc,ymtg
g8n1,rw94
g8nu,986e
g8nu,g9xy
g8nu,h9x4
g98h,986e
g98h,o4pj
g9ey,vjny
ga6a,jo4b
gaev,g9xy
gaev,o4pj
gaf9,d4t6
gaf9,ymtg
gal1,4jjd
gamf,h9x4
gauh,o4pj
gaw2,tt2p
gbvc,tt2p
gbwq,h9x4
gbzj,jo4b
gcg7,h9x4
gcg7,o4pj
gcpq,986e
gd6m,986e
gdbi,986e
gdjm,duba
gdw3,d4t6
gehp,986e
geiw,h9x4
geug,986e
gf8h,8vrw
gfd9,o4pj
gfwr,d4t6
gg8f,8vrw
ggfl,v2cp
ggfl,vjny
ggrx,v2cp
ghmi,jo4b
ghp2,d4t6
ghp2,tt2p
ghqw,d4t6
ghqw,tt2p
ght9,986e
ghzj,986e
ghzm,g9xy
gi3g,duba
gi69,duba
gier,vjny
gikk,fz7l
gikk,tt2p
givl,duba
gjch,8vrw
gk3d,986e
gku3,g9xy
gkum,o4pj
gkwk,986e
gkwk,rw94
gl4j,tt2p
gliq,d4t6
gljd,duba
gljd,rw94
glry,rw94
glz1,8vrw
glz1,986e
glz1,h9x4
gmcb,o4pj
gmhe,o4pj
gmwc,8vrw
gmyu,h9x4
gn7u,8vrw
gnd9,8vrw
gnd9,h9x4
gnj5,tt2p
gny4,xhbn
golw,z3b5
gomi,d4t6
gp7i,qsdj
gpaf,z3b5
gpp1,g9xy
gpph,d4t6
gpsa,xhbn
gpze,rw94
gq8f,d4t6
gqhx,d4t6
gqin,o4pj
gqov,v2cp
gqyp,jttf
gr1g,d4t6
gr7s,j4i7
grc8,8vrw
grc8,986e
grc8,duba
grc8,o4pj
grc8,rw94
grhz,xhbn
gscp,jo4b
gsdb,d4t6
gsld,g9xy
gsnj,v2cp
gsoo,d4t6
gtlm,8vrw
gtlm,duba
gtmn,tt2p
gtmn,ymtg
gtuc,d4t6
gtyl,xhbn
gu8i,g9xy
gufa,986e
gufa,duba
gufa,g9xy
gufa,rw94
gup6,8vrw
gv5h,tt2p
gv6x,d4t6
gv6x,ymtg
gvuf,8vrw
gw5f,g9xy
gw5f,o4pj
gw6h,o4pj
gwad,g9xy
gwad,o4pj
gwbi,986e
gwbz,986e
gwhi,8vrw
gwhi,h9x4
gwzy,tt2p
gx2e,h9x4
gxcl,8vrw
gxcl,o4pj
gxe4,o4pj
gxl3,986e
gxl3,g9xy
gxmi,vjny
gxn4,o4pj
gy6l,986e
gy6l,o4pj
gy98,986e
gy98,o4pj
gyct,986e
gysz,986e
gywf,8vrw
gyws,986e
gyx5,986e
gzdi,o4pj
gzj5,g9xy
gzxf,j4i7
gzxf,ymtg
gzzm,o4pj
h117,986e
h1qz,8vrw
h22v,h9x4
h233,fz7l
h25a,z3b5
h29e,jo4b
h2he,4jjd
h2kp,o4pj
h2ru,y93m
h2uu,ymtg
h2we,o4pj
h311,8vrw
h39t,8vrw
h3hs,ymtg
h3vc,tt2p
h4d1,d4t6
h4mt,tt2p
h4pm,o4pj
h56u,duba
h5b3,d4t6
h5fr,8vrw
h5h7,o4pj
h5kx,d4t6
h5rn,fz7l
h5wi,jo4b
h5wy,tt2p
h5ye,tt2p
h5zl,986e
h5zl,h9x4
h68m,4jjd
h6ae,fz7l
h6gg,d4t6
h6gg,tt2p
h6uq,qsdj
h6wb,h9x4
h6zw,h9x4
h72b,vjny
h72h,986e
h72u,jo4b
h79d,fz7l
h7c8,jo4b
h7cv,986e
h7eg,8vrw
h7eg,rw94
h7fw,duba
h7fz,o4pj
h7ln,jo4b
h7oa,h9x4
h833,h9x4
h887,qsdj
h8k4,jo4b
h8tg,8vrw
h8z1,xhbn
h98w,jo4b
h98w,y93m
h9fr,d4t6
h9og,ymtg
h9rt,986e
h9uy,8vrw
h9uy,o4pj
ha5q,o4pj
hakj,8vrw
hap8,tt2p
hapw,vjny
hat9,rw94
havm,vjny
hb6s,g9xy
hbbn,y93m
hbhy,h9x4
hbsv,8vrw
hc95,o4pj
hchr,g9xy
hcq4,986e
hcq4,h9x4
hcq4,wn32
hd25,duba
hdfw,h9x4
hdik,h9x4
hdkq,d4t6
hdqi,986e
hdx5,o4pj
hdzp,8vrw
hdzp,986e
he7x,8vrw
hecd,h9x4
hecd,rw94
hewu,tt2p
hf89,8vrw
hfbz,986e
hffy,o4pj
hfp9,8vrw
hfp9,986e
hfp9,g9xy
hfp9,rw94
hfrh,duba
hgbp,986e
hh1x,986e
hh1x,o4pj
hh5f,8vrw
hhcc,986e
hhf4,8vrw
hhf4,o4pj
hhom,z3b5
hhvp,d4t6
hhwt,o4pj
hhz2,986e
hhz2,o4pj
hi4d,rw94
hj2w,d4t6
hj34,o4pj
hjcr,8vrw
hjcr,h9x4
hjgl,jo4b
hjqx,tt2p
hk6w,fz7l
hk6w,tt2p
hkdp,o4pj
hkfr,tt2p
hkv8,o4pj
hkv8,rw94
hkxf,8vrw
hllp,h9x4
hls4,tt2p
hlzn,ymtg
hmgz,g9xy
hmqg,g9xy
hmt6,fz7l
hmvq,rw94
hn6b,8vrw
hn7x,4jjd
hnc1,g9xy
hng1,8vrw
hngn,g9xy
ho2x,3buj
ho4q,g9xy
hodi,jo4b
hoeh,8vrw
hoeh,o4pj
hom5,8vrw
honc,h9x4
hpee,g9xy
hpkn,h9x4
hpp1,8vrw
hpp1,986e
hpp1,o4pj
hps2,ymtg
hq7j,o4pj
hqal,z3b5
hqhv,d4t6
hqhv,tt2p
hqyy,g9xy
hr19,vjny
hroe,duba
hroe,rw94
hrp4,d4t6
hsah,duba
hsbm,o4pj
hstu,duba
hsza,jo4b
htcb,g9xy
htjz,o4pj
htr1,d4t6
htt3,8vrw
htt3,g9xy
hu3m,fz7l
hu9z,o4pj
hu9z,rw94
huq7,8vrw
huq7,986e
huzv,8vrw
huzv,986e
huzv,g9xy
huzv,o4pj
hvdd,986e
hvz5,8vrw
hw7c,986e
hw7c,duba
hw9a,986e
hwh1,fz7l
hwqp,jttf
hwsy,986e
hxed,d4t6
hxfv,vjny
hxh7,h9x4
hxkn,o4pj
hxry,g9xy
hxry,o4pj
hxx1,8vrw
hy13,tt2p
hyia,duba
hym7,g9xy
hyvr,4jjd
hzu1,986e
hzu1,g9xy
hzwc,o4pj
i16g,ymtg
i18e,ymtg
i1g6,986e
i1gf,d4t6
i1pi,8vrw
i2c7,d4t6
i2gm,8vrw
i2gm,986e
i2mf,d4t6
i2qp,8vrw
i2qp,986e
i2tu,fz7l
i2x9,8vrw
i2y6,986e
i2y6,g9xy
i2zw,986e
i2zw,g9xy
i3j9,qsdj
i3ti,jo4b
i47w,g9xy
i47w,h9x4
i4a7,z3b5
i4gv,986e
i4tu,rw94
i54w,h9x4
i5d5,d4t6
i5kv,d4t6
i5kv,ymtg
i5n7,986e
i5n7,o4pj
i5tr,z3b5
i64i,8vrw
i64i,g9xy
i6lx,ymtg
i6mc,duba
i6mc,o4pj
i78s,z3b5
i79z,986e
i7c5,986e
i7na,8vrw
i7pd,986e
i7u9,o4pj
i82r,v2cp
i82r,vjny
i8dl,8vrw
i8dl,h9x4
i8ff,d4t6
i8ff,tt2p
i8ny,duba
i8s5,h9x4
i8v3,d4t6
i96a,g9xy
i9kc,986e
i9q8,h9x4
i9re,986e
i9re,o4pj
iah8,8vrw
iah8,o4pj
iak8,o4pj
iali,g9xy
iali,o4pj
ians,g9xy
iarc,h9x4
iarc,o4pj
ibpf,986e
ibra,986e
ic6t,o4pj
ic8s,g9xy
icd2,986e
icd2,rw94
id2h,986e
id2h,duba
idru,duba
ie1l,ymtg
ie3b,8vrw
ie6o,986e
iemo,986e
ieng,8vrw
ieng,986e
ierh,986e
ievj,z3b5
ievp,h9x4
if7s,ymtg
ifcf,fz7l
ifci,h9x4
ig1c,rw94
ig2c,o4pj
ig6u,8vrw
ig6u,h9x4
igem,tt2p
igjg,ymtg
igtf,duba
igxz,8vrw
iha6,ymtg
ihv3,o4pj
ii89,wn32
iif2,h9x4
iivw,vjny
ij3v,z3b5
ijdp,g9xy
ijkx,fz7l
ijyx,8vrw
ik3u,o4pj
ikal,986e
ikcy,986e
ikdu,xhbn
ikue,duba
ikyj,rw94
il6c,jo4b
ilap,d4t6
ilfm,fz7l
ilvh,tt2p
im2x,vjny
im2x,z3b5
im5u,986e
im9p,o4pj
imhc,o4pj
inl7,8vrw
io75,986e
iob9,xhbn
iobe,ymtg
ion6,o4pj
ip5u,8vrw
ip5u,o4pj
ipbm,8vrw
ipbm,duba
ipc5,22ke
ipdk,tt2p
ipid,vjny
ipja,4jjd
ipuj,xhbn
iq5f,jttf
iqd7,jo4b
irdr,rw94
irs2,o4pj
isif,986e
isif,g9xy
isif,o4pj
itdj,xhbn
itlu,8vrw
itwq,duba
iu7x,8vrw
iu7x,986e
iu7x,g9xy
iu81,tt2p
iubc,z3b5
iugv,8vrw
iuu5,986e
iv5a,d4t6
iveg,o4pj
ivuy,bgrt
ivuy,jo4b
iwop,986e
iwop,h9x4
iwpg,986e
iwzh,fz7l
ix8t,vjny
ix8t,z3b5
ixaj,fz7l
ixdt,g9xy
ixwp,bgrt
iy1f,jo4b
iy3h,h9x4
iy3h,o4pj
iy5k,986e
iyh8,z3b5
iz5s,fz7l
izaw,986e
izaw,g9xy
izdq,986e
izdq,rw94
izn7,duba
izro,d4t6
j115,986e
j12c,jo4b
j12u,8vrw
j12u,986e
j19y,ymtg
j1gd,rw94
j233,986e
j233,o4pj
j2ep,g9xy
j2pg,h9x4
j36p,fz7l
j3af,986e
j3af,h9x4
j3im,o4pj
j3j9,4jjd
j3j9,jo4b
j3mp,986e
j3w1,o4pj
j419,g9xy
j419,o4pj
j41s,986e
j41s,duba
j41s,g9xy
j4k4,986e
j4zq,ymtg
j544,duba
j59i,986e
j5a9,jo4b
j5ci,o4pj
j5om,8vrw
j5pe,8vrw
j5u1,ymtg
j6id,o4pj
j7s1,tt2p
j87j,8vrw
j8je,bgrt
j8je,qsdj
j8m9,d4t6
j8pc,4jjd
j8pc,qsdj
j983,d4t6
j99b,jo4b
j9kk,8vrw
j9o1,986e
j9o1,rw94
jaaj,986e
jaaj,g9xy
jacv,986e
jagg,o4pj
jakv,o4pj
jazc,ymtg
jb6j,d4t6
jbh7,tt2p
jbh7,ymtg
jbnb,vjny
jbt6,rw94
jbwz,d4t6
jc3y,o4pj
jch1,n4b4
jd6t,h9x4
jd7q,986e
jdbm,qsdj
jdbx,986e
jdpt,duba
jdpt,rw94
jdqd,8vrw
jdqd,986e
jdqd,g9xy
jdsa,8vrw
jdsa,o4pj
jdvt,g9xy
jdxl,ymtg
jej3,8vrw
jey5,h9x4
jf2d,h9x4
jfm1,o4pj
jfq2,986e
jfq2,rw94
jfvv,986e
jfvv,rw94
jg3b,3buj
jg9b,o4pj
jgc8,8vrw
jgz1,tt2p
jgz1,ymtg
jhik,h9x4
jhq6,vjny
jhzw,ymtg
ji6t,986e
ji7k,fz7l
ji96,h9x4
jiay,tt2p
jig3,o4pj
jixl,d4t6
jj7y,8vrw
jj7y,rw94
jjlw,qsdj
jkb4,duba
jkf8,d4t6
jkqi,g9xy
jkrs,4jjd
jky9,y93m
jl6c,986e
jli7,g9xy
jli7,h9x4
jljo,vjny
jlto,8vrw
jlto,o4pj
jluu,8vrw
jm11,tt2p
jm11,ymtg
jm1a,fz7l
jm1e,vjny
jm46,8vrw
jm46,o4pj
jm6j,g9xy
jm74,d4t6
jm9r,g9xy
jmkm,8vrw
jmkm,986e
jmky,g9xy
jmky,o4pj
jmnv,duba
jmos,986e
jmst,qsdj
jmwe,tt2p
jnc1,xhbn
jnd2,o4pj
jndx,8vrw
jndx,o4pj
jnin,8vrw
jnin,o4pj
jo3m,8vrw
jo4w,jo4b
jo8j,ymtg
joag,xhbn
joow,vjny
jov6,o4pj
joyb,h9x4
jp25,xhbn
jpe3,986e
jphc,jttf
jpj4,o4pj
jpup,g9xy
jpxk,8vrw
jpxk,986e
jqib,8vrw
jqib,g9xy
jqlt,d4t6
jqlt,j4i7
jqlt,tt2p
jrlp,g9xy
jrz7,22ke
jsi8,d4t6
jsi8,tt2p
jt23,rw94
jt89,4jjd
jt89,jo4b
jtae,986e
jtbq,h9x4
jtgn,jo4b
jtme,986e
jtme,h9x4
jtuf,v2cp
juhk,8vrw
juhk,986e
juhk,g9xy
juq3,o4pj
juy3,g9xy
juzf,8vrw
juzf,o4pj
jv6v,v2cp
jv93,8vrw
jv93,986e
jvw5,duba
jvw5,o4pj
jw66,8vrw
jwi9,8vrw
jwi9,duba
jwi9,g9xy
jwj7,986e
jwj7,h9x4
jwxk,8vrw
jwxk,duba
jwxk,g9xy
jwxk,o4pj
jx1h,g9xy
jx49,8vrw
jx9j,o4pj
jx9y,d4t6
jxk2,g9xy
jxoc,duba
jxoc,o4pj
jxsx,986e
jxzj,xhbn
jy4f,z3b5
jy8s,xhbn
jyb4,d4t6
jyew,rw94
jyhs,o4pj
jyta,g9xy
jyu9,8vrw
jzkz,duba
jzoa,d4t6
jzoa,ymtg
jzpq,jo4b
jzv8,986e
jzwh,vjny
jzx2,8vrw
jzyz,d4t6
k141,vjny
k15g,8vrw
k21u,h9x4
k22m,8vrw
k22m,duba
k27j,fz7l
k27m,g9xy
k2e4,o4pj
k2ez,duba
k2pc,4jjd
k2pc,qsdj
k34i,986e
k3go,z3b5
k3kk,h9x4
k3nv,o4pj
k3r6,xhbn
k3xb,duba
k3zs,ymtg
k4q4,o4pj
k4sk,xhbn
k4u6,g9xy
k4vc,4jjd
k4wo,22ke
k4yy,o4pj
k56v,tt2p
k578,8vrw
k5cw,ymtg
k5db,h9x4
k5db,rw94
k5tr,4jjd
k65f,g9xy
k6a6,ymtg
k6uv,4jjd
k76t,fz7l
k7fa,8vrw
k7fa,986e
k7rq,986e
k7rq,h9x4
k877,jo4b
k87a,4jjd
k87a,y93m
k8cf,d4t6
k8i3,8vrw
k8i3,986e
k8i3,h9x4
k8i3,o4pj
k8nn,986e
k8nn,o4pj
k8ny,vjny
k8w4,8vrw
k95u,d4t6
k9b7,8vrw
k9gu,o4pj
k9ns,4jjd
k9rd,o4pj
ka4b,4jjd
ka6x,986e
ka6x,g9xy
ka6x,o4pj
ka6x,rw94
kaer,xhbn
kagn,g9xy
kakk,8vrw
kakk,o4pj
kaov,986e
kaov,o4pj
kark,g9xy
kb99,tt2p
kbak,8vrw
kbak,g9xy
kbic,jo4b
kbmk,tt2p
kbrl,qsdj
kbwn,8vrw
kcbk,vjny
kcjj,4jjd
kcjj,bgrt
kcvq,fz7l
kcyr,4jjd
kczr,duba
kczr,h9x4
kd2k,986e
kd5s,986e
kd5s,g9xy
kdg6,jo4b
kdty,986e
keh2,rw94
kewa,d4t6
kfok,8vrw
kfok,986e
kg5r,8vrw
kgjs,d4t6
kgls,d4t6
kgzb,8vrw
kgzb,986e
kgzb,o4pj
kh3j,8vrw
khf2,g9xy
khjs,d4t6
ki8t,o4pj
ki9b,4jjd
kigo,xhbn
kim1,jo4b
kj1n,duba
kj3v,z3b5
kjcz,duba
kjcz,h9x4
kjg6,o4pj
kjkc,986e
kjkl,o4pj
kjya,8vrw
kk35,o4pj
kk8c,986e
kk8c,h9x4
kkc5,qsdj
kkmh,z3b5
kkov,d4t6
kkwp,8vrw
kkwp,duba
kl37,duba
kl73,8vrw
klbk,o4pj
klhw,g9xy
klhw,o4pj
kn3o,d4t6
kn3o,ymtg
kn6q,duba
kn6q,o4pj
kndv,duba
knj7,rw94
knmc,fz7l
knp8,z3b5
knti,duba
knv6,986e
ko6n,986e
kobh,986e
kobh,o4pj
kobx,o4pj
kofr,o4pj
komp,o4pj
kopa,duba
kotn,986e
kou5,4jjd
kou5,jo4b
kou5,jttf
kovk,h9x4
koyl,8vrw
koyl,g9xy
koz7,22ke
kp3z,qsdj
kp4x,h9x4
kpaf,8vrw
kppe,d4t6
kpv2,duba
kq2a,o4pj
kq5d,bgrt
kqii,g9xy
kqp3,8vrw
kqp6,986e
kr6n,986e
kr6n,h9x4
kr8x,986e
krcq,xhbn
krgh,986e
kroh,vjny
krs9,986e
ks1p,8vrw
ks7i,o4pj
kse1,d4t6
kse1,tt2p
kshx,d4t6
ksi6,xhbn
ksrj,o4pj
kswv,qsdj
kt2o,vjny
kt9x,8vrw
ktee,g9xy
ktga,duba
ktj2,3buj
ktoq,h9x4
ktpt,986e
ktqk,8vrw
ktqk,g9xy
ktqk,o4pj
ku9h,z3b5
kuhq,jo4b
kuor,8vrw
kuor,rw94
kv9h,8vrw
kvcm,8vrw
kvm3,8vrw
kvm3,986e
kvn7,o4pj
kvui,8vrw
kvui,986e
kvv3,4jjd
kvyw,h9x4
kvyw,o4pj
kwcl,vjny
kx87,8vrw
kx87,986e
kxn9,o4pj
ky2k,8vrw
ky2k,986e
ky2k,duba
ky2k,h9x4
kyco,8vrw
kywo,vjny
kz2k,rw94
kzce,duba
kzce,o4pj
kzj1,3buj
kzk9,o4pj
kzkm,duba
kzrp,4jjd
kzux,qsdj
l13x,fz7l
l1g8,8vrw
l1hs,22ke
l1nu,d4t6
l25z,v2cp
l2o3,d4t6
l2o3,tt2p
l2xw,8vrw
l2za,986e
l2za,duba
l2za,h9x4
l2za,o4pj
l41d,o4pj
l42s,ymtg
l4dz,tt2p
l4pg,tt2p
l4yj,qsdj
l54z,d4t6
l567,tt2p
l57p,d4t6
l5ex,d4t6
l5ex,j4i7
l5fo,o4pj
l5nq,tt2p
l5p3,g9xy
l5uy,duba
l5xt,d4t6
l5xt,ymtg
l66s,d4t6
l6k7,jo4b
l6qm,xhbn
l72s,jo4b
l79o,jo4b
l7cw,o4pj
l7du,8vrw
l7du,986e
l7ki,rw94
l7sy,986e
l7sy,o4pj
l7wd,986e
l815,g9xy
l82x,fz7l
l851,o4pj
l8c2,d4t6
l8lg,8vrw
l8lg,986e
l8o8,986e
l8sz,986e
l9c1,8vrw
l9c1,986e
l9ob,8vrw
l9ob,986e
l9ry,986e
l9wk,986e
la84,8vrw
laf1,g9xy
laxs,o4pj
lbeb,vjny
lbvy,tt2p
lc29,g9xy
lc3s,ymtg
lccm,986e
lccm,o4pj
lcfb,h9x4
lcfu,8vrw
lcfu,g9xy
lcfu,h9x4
lclx,d4t6
lcnp,986e
lcny,rw94
lcyr,o4pj
lcyx,d4t6
ld53,986e
ld53,h9x4
ld5c,8vrw
ld8v,vjny
ldda,8vrw
ldda,h9x4
ldfi,jo4b
ldhn,z3b5
ldhp,8vrw
ldhp,986e
ldj6,vjny
ldm5,jttf
ldsz,g9xy
ldsz,h9x4
ldsz,o4pj
le41,986e
le6q,d4t6
lea2,h9x4
leb8,o4pj
leb8,rw94
leih,986e
lel4,jo4b
lepo,8vrw
lepo,duba
lf7o,tt2p
lfdv,8vrw
lfdv,rw94
lfle,d4t6
lfs9,986e
lfs9,o4pj
lfvb,ymtg
lfxs,jo4b
lg32,8vrw
lg32,o4pj
lgn5,d4t6
lh17,tt2p
lh49,8vrw
lh49,986e
lh8i,986e
lh8i,h9x4
lh8o,duba
lh8o,o4pj
lhb3,g9xy
lhb3,o4pj
lhi2,qsdj
lhip,4jjd
lht7,4jjd
lhw8,986e
lhx3,g9xy
lhze,jttf
li9l,986e
li9l,o4pj
lig4,xhbn
lity,tt2p
liwx,8vrw
lj34,4jjd
lj9d,d4t6
lj9d,tt2p
ljbu,8vrw
ljbu,o4pj
ljrr,g9xy
ljvj,h9x4
lk1k,g9xy
lk8l,o4pj
lkec,8vrw
lkec,o4pj
lkec,rw94
lknf,986e
lknf,o4pj
ll23,h9x4
ll54,o4pj
ll64,fz7l
lljj,8vrw
llmv,8vrw
llr6,tt2p
llwk,8vrw
llwk,duba
lm1r,xhbn
lm79,8vrw
lman,8vrw
lmof,fz7l
lmv2,8vrw
lmv2,986e
lmv2,duba
lmvv,8vrw
lmvv,o4pj
lnce,z3b5
lnjo,qsdj
lnnr,jo4b
lo85,g9xy
loga,4jjd
lorj,8vrw
lowg,22ke
lox8,o4pj
lp2n,986e
lp3b,jttf
lpdp,tt2p
lpec,tt2p
lpm9,z3b5
lppp,g9xy
lpuc,tt2p
lpuv,duba
lq8c,qsdj
lq8i,8vrw
lq8i,986e
lq8i,duba
lqdz,tt2p
lqfa,986e
lqik,o4pj
lqio,986e
lqio,rw94
lqnk,jo4b
lqzj,jo4b
lrlu,8vrw
lrsj,8vrw
lrsj,g9xy
ls2a,d4t6
ls3r,ymtg
ls4b,g9xy
lsde,o4pj
lsl8,ymtg
lsuk,bgrt
lt6v,g9xy
lt9f,d4t6
lt9f,tt2p
lu8i,duba
luat,o4pj
lug7,8vrw
luq2,j4i7
lv7x,g9xy
lv7x,rw94
lvai,tt2p
lvtf,v2cp
lvv8,jo4b
lw7m,8vrw
lw7m,h9x4
lwan,duba
lwan,h9x4
lwjd,h9x4
lwmt,g9xy
lx2v,g9xy
lx2v,h9x4
lxvl,8vrw
lxz8,d4t6
ly26,rw94
lyfz,o4pj
lyp2,rw94
lz5a,8vrw
lzjt,8vrw
lzjt,986e
lzjt,h9x4
lzqb,986e
lzvc,4jjd
lzvc,qsdj
m19u,o4pj
m1eq,g9xy
m27c,8vrw
m27c,o4pj
m29m,duba
m2i9,duba
m2j6,8vrw
m2j6,986e
m2ln,g9xy
m2m4,h9x4
m2mr,jo4b
m2xt,d4t6
m358,986e
m375,8vrw
m3cl,duba
m3xs,986e
m3xs,g9xy
m445,o4pj
m48j,d4t6
m48j,tt2p
m4dc,o4pj
m4dn,8vrw
m4dn,o4pj
m5d5,8vrw
m5ke,8vrw
m5tg,duba
m69w,8vrw
m6cb,d4t6
m6rf,tt2p
m6rf,ymtg
m6vd,986e
m6vd,o4pj
m744,duba
m7j8,986e
m7w6,xhbn
m7zf,tt2p
m881,o4pj
m89j,g9xy
m8bt,8vrw
m8c6,8vrw
m8cp,8vrw
m8rb,jo4b
m94m,4jjd
m9h2,g9xy
m9je,8vrw
m9kh,8vrw
m9mk,986e
m9np,g9xy
m9np,o4pj
m9oy,d4t6
m9oy,tt2p
ma4f,jttf
ma91,4jjd
maqa,duba
mavs,fz7l
mbdu,d4t6
mbeg,ymtg
mbqr,8vrw
mbuw,8vrw
mbuw,o4pj
mbvk,986e
mbwl,duba
mbxz,4jjd
mbxz,jo4b
mc3b,fz7l
mcps,h9x4
mcz3,d4t6
md14,rw94
md18,8vrw
md18,986e
md18,rw94
md6t,j4i7
mdd9,ymtg
mdie,jo4b
mdws,bgrt
me9y,duba
me9y,g9xy
meun,ymtg
mev4,4jjd
mex3,o4pj
mfa4,986e
mfc1,duba
mfja,y93m
mfqq,8vrw
mfqq,o4pj
mfy6,duba
mg78,n4b4
mgi9,o4pj
mgiv,d4t6
mhrw,j4i7
mhtz,o4pj
mi35,4jjd
mib1,986e
mid1,4jjd
mihm,xhbn
misp,o4pj
mixr,o4pj
mjb5,986e
mjb5,h9x4
mjp2,8vrw
mjr1,986e
mjwb,8vrw
mjwb,o4pj
mkh6,986e
mkhi,d4t6
mkhi,tt2p
mkic,tt2p
mklv,986e
mkn8,h9x4
mkqq,o4pj
ml2i,986e
ml8h,o4pj
mlb9,4jjd
mljq,jo4b
mlx9,z3b5
mlxx,d4t6
mm17,tt2p
mmck,xhbn
mmlk,duba
mmwa,jo4b
mmxj,g9xy
mmye,jo4b
mn4c,o4pj
mndv,xhbn
mnef,fz7l
mngd,g9xy
mnhs,h9x4
mnsx,ymtg
mogv,d4t6
momw,tt2p
mori,986e
mp4v,o4pj
mp9g,d4t6
mphd,o4pj
mq4c,8vrw
mq7w,8vrw
mqmv,4jjd
mqry,fz7l
mqtn,986e
mr7a,8vrw
mrny,986e
mrve,rw94
mrwf,8vrw
mrww,8vrw
mrww,986e
mrww,g9xy
mrww,o4pj
mrzd,8vrw
ms3j,986e
ms4m,8vrw
ms5b,8vrw
ms5b,o4pj
msgo,o4pj
mst1,8vrw
mt9i,d4t6
mt9z,8vrw
mt9z,g9xy
mtku,986e
mto6,tt2p
mtqa,986e
mtqa,o4pj
mu1r,8vrw
muhl,986e
muyg,z3b5
muzd,8vrw
muzd,rw94
mv5t,fz7l
mv9i,ymtg
mvlf,o4pj
mvll,4jjd
mvmf,986e
mvmf,o4pj
mwgp,8vrw
mwgp,o4pj
mwgp,rw94
mwlu,986e
mx7a,tt2p
mx7a,ymtg
mx7z,986e
mxgi,986e
mxgi,o4pj
mxlv,h9x4
my2x,4jjd
my71,8vrw
my71,duba
my95,o4pj
myaw,vjny
mymh,g9xy
myv8,tt2p
mz7e,986e
mzm9,tt2p
mzr6,986e
n13v,o4pj
n15n,bgrt
n162,ymtg
n1gu,o4pj
n1gu,rw94
n1oj,qsdj
n228,bgrt
n27n,h9x4
n2k8,986e
n2k8,rw94
n2kd,duba
n2v9,h9x4
n3qk,o4pj
n3ui,jo4b
n423,986e
n4oj,986e
n4ub,g9xy
n4z8,tt2p
n5pz,8vrw
n5pz,986e
n5pz,g9xy
n5pz,h9x4
n5pz,o4pj
n5qw,8vrw
n5qw,o4pj
n6jp,h9x4
n6jp,o4pj
n6jx,986e
n6jx,o4pj
n6tc,jo4b
n73b,d4t6
n73b,tt2p
n7ai,986e
n7b1,duba
n7f8,bgrt
n7pw,986e
n7r9,986e
n7r9,g9xy
n7sw,tt2p
n7sw,ymtg
n7wx,jo4b
n86u,4jjd
n87k,d4t6
n89l,g9xy
n8f6,g9xy
n8gu,o4pj
n8rx,h9x4
n8s6,8vrw
n9jn,o4pj
n9uo,8vrw
na35,o4pj
na6g,986e
na9i,z3b5
nab3,bgrt
nab3,jo4b
nabd,qsdj
nahc,tt2p
nakq,986e
nakq,o4pj
nalf,986e
naow,o4pj
nat6,g9xy
naza,tt2p
nba5,tt2p
nbl6,986e
nbr9,22ke
nbwf,986e
nbwf,h9x4
ncc8,wn32
ncck,duba
ncf4,bgrt
ncp9,ymtg
ncq2,8vrw
ncq2,986e
ncq2,o4pj
ncqb,xhbn
nd6g,ymtg
ndrs,22ke
ndrs,qsdj
ndud,8vrw
ndud,986e
nens,986e
nens,o4pj
neyr,8vrw
neyr,986e
nf2c,8vrw
nf6d,o4pj
nfbj,tt2p
nft7,duba
nfzx,8vrw
ng77,z3b5
ngdc,986e
ngi5,h9x4
ngvl,g9xy
nhay,986e
nhgh,d4t6
nhpx,986e
nhyr,986e
nhyr,g9xy
nhyr,h9x4
ni3y,z3b5
ni4i,g9xy
nic6,o4pj
niu4,v2cp
niyr,tt2p
nj3x,d4t6
nj5y,986e
nj5y,g9xy
nkb4,22ke
nkez,22ke
nkqk,8vrw
nktc,8vrw
nkxu,g9xy
nld9,h9x4
nlek,vjny
nljd,986e
nljr,4jjd
nljr,qsdj
nlq7,duba
nlx5,o4pj
nly1,8vrw
nly1,o4pj
nm77,g9xy
nmkq,ymtg
nmuz,d4t6
nmxn,jo4b
nnax,o4pj
nnb5,d4t6
nnb5,ymtg
nnia,986e
nnty,tt2p
nnty,ymtg
nnwu,duba
no7j,o4pj
noli,8vrw
novq,4jjd
novq,qsdj
now1,duba
now1,o4pj
np2f,fz7l
npf1,duba
nph1,8vrw
npiu,986e
nq47,d4t6
nq51,fz7l
nq7i,986e
nqjs,g9xy
nqqg,o4pj
nqqv,tt2p
nr79,8vrw
nrf8,tt2p
nrfn,986e
nrfn,h9x4
nrtq,o4pj
nsaw,jttf
nsaw,xhbn
nsp2,g9xy
nssr,8vrw
nssr,986e
nt3b,8vrw
nt3b,986e
ntxw,vjny
ntyv,986e
ntyv,o4pj
nu1n,bgrt
nu5g,rw94
nu5j,tt2p
nu5j,ymtg
nu7l,o4pj
nu9b,vjny
nul7,o4pj
nuum,986e
nuum,o4pj
nuv1,d4t6
nvk3,8vrw
nvk3,g9xy
nvqj,o4pj
nvrd,8vrw
nvrd,g9xy
nvtx,wn32
nvtz,h9x4
nvv6,d4t6
nvve,tt2p
nvve,ymtg
nwdr,8vrw
nwdr,g9xy
nxk3,ymtg
nxlb,tt2p
nxqy,986e
nxqy,g9xy
nxr2,o4pj
nxrj,fz7l
nya2,986e
nya2,o4pj
nyjw,vjny
nyui,fz7l
nz8b,4jjd
nzct,986e
nzg3,8vrw
nzks,duba
nzmc,bgrt
nzp6,d4t6
o12n,h9x4
o13v,g9xy
o1ah,o4pj
o1an,986e
o1hn,jttf
o1ic,g9xy
o1r7,jo4b
o1ug,d4t6
o1us,h9x4
o1uw,qsdj
o287,tt2p
o2aq,986e
o2aq,g9xy
o2ex,986e
o2ex,o4pj
o2ex,rw94
o2f3,986e
o2lz,duba
o2o5,8vrw
o2o5,o4pj
o2pg,986e
o2sw,wn32
o34k,o4pj
o3jv,vjny
o3oa,o4pj
o3ue,o4pj
o3zn,duba
o437,duba
o44o,xhbn
o4tx,8vrw
o56n,duba
o5cw,986e
o5cw,h9x4
o5kv,8vrw
o61b,jo4b
o64s,8vrw
o6jr,ymtg
o6ol,h9x4
o6ol,o4pj
o6ot,d4t6
o76f,z3b5
o7c9,ymtg
o7hi,8vrw
o7jc,8vrw
o7jc,o4pj
o7ow,8vrw
o7p8,vjny
o85h,xhbn
o8ay,8vrw
o8gp,tt2p
o8v7,986e
o8v7,o4pj
o8yl,d4t6
o97d,8vrw
o97d,986e
o97l,g9xy
o984,ymtg
o9ny,8vrw
o9ny,986e
o9om,tt2p
o9oq,g9xy
o9sj,h9x4
o9x1,fz7l
oacn,g9xy
oacn,o4pj
oam1,d4t6
oam4,o4pj
oamk,8vrw
oap3,986e
oat1,8vrw
oat3,g9xy
oawj,o4pj
ob3g,8vrw
ob6d,jo4b
obfu,duba
obfu,h9x4
obhy,8vrw
obym,xhbn
ocaj,986e
occy,986e
occy,g9xy
ocgo,ymtg
ocs3,tt2p
ocs3,ymtg
od4v,duba
od4v,h9x4
odac,986e
odds,jo4b
odok,v2cp
odpi,ymtg
odsr,z3b5
odv2,986e
oel8,986e
oel8,o4pj
oep8,d4t6
oep8,ymtg
oer5,o4pj
oeso,o4pj
oew9,o4pj
of1e,8vrw
of1e,986e
of2m,ymtg
of3q,d4t6
of4h,4jjd
ofbd,duba
ofcj,g9xy
ofcj,o4pj
ofdl,vjny
ofid,8vrw
ofj9,bgrt
ofsk,8vrw
ofv3,d4t6
ofv3,ymtg
ofyj,986e
ofyy,8vrw
og8t,8vrw
ogbw,v2cp
ogm1,8vrw
ogm1,o4pj
oh2h,duba
oh2h,g9xy
ohjf,ymtg
ohjs,d4t6
ohs8,rw94
ohtf,jo4b
ohwg,4jjd
oi6i,8vrw
oifa,8vrw
oifa,duba
oifa,g9xy
oihg,986e
oihg,o4pj
oj3m,o4pj
ojat,986e
ojce,g9xy
ojja,fz7l
ojlv,8vrw
ojom,22ke
ojq3,4jjd
ok52,d4t6
okfq,o4pj
ol7j,8vrw
olll,o4pj
olsg,4jjd
om5y,z3b5
omah,986e
omdh,vjny
ompv,8vrw
omxk,rw94
on1r,986e
onb3,986e
onkz,d4t6
onkz,ymtg
onnt,8vrw
onrq,986e
onu5,qsdj
ooex,8vrw
oofj,8vrw
oofj,o4pj
oom4,8vrw
oq5r,8vrw
oqay,vjny
or68,8vrw
or68,o4pj
or6j,d4t6
or6j,tt2p
orbd,986e
orbe,j4i7
orco,xhbn
ori4,8vrw
ormj,g9xy
orn1,8vrw
orn1,o4pj
ory5,o4pj
oser,ymtg
osf4,fz7l
osmr,986e
osv4,8vrw
osv4,rw94
oszx,h9x4
ot2k,d4t6
ot78,jo4b
otgv,8vrw
otgv,986e
otl9,8vrw
otw2,rw94
ou7o,ymtg
ouaq,jo4b
outm,o4pj
ouwx,8vrw
ouwx,o4pj
ov3u,8vrw
ovd7,duba
ovd7,o4pj
ovh2,986e
ow3s,8vrw
ow6p,986e
owaw,8vrw
owaw,986e
owb9,986e
owb9,o4pj
owg5,h9x4
owik,986e
owua,jo4b
ox6d,g9xy
oxdp,bgrt
oxmm,jo4b
oxrn,g9xy
oy4l,g9xy
oy4l,h9x4
oy7c,d4t6
oyia,o4pj
oyzq,y93m
oz5q,g9xy
ozhk,o4pj
ozkl,o4pj
ozkp,o4pj
ozsu,8vrw
p167,jo4b
p1f2,o4pj
p1ll,22ke
p1rz,jttf
p2k9,986e
p2sr,ymtg
p342,4jjd
p3b4,g9xy
p3e6,o4pj
p3ed,j4i7
p3qf,fz7l
p3rh,v2cp
p3vz,h9x4
p4a8,v2cp
p4yj,d4t6
p59g,d4t6
p62h,o4pj
p68k,jo4b
p69q,8vrw
p6d9,tt2p
p6mk,o4pj
p76g,g9xy
p7lc,986e
p7lc,o4pj
p8ey,986e
p8f9,h9x4
p8lm,8vrw
p8lm,h9x4
p96l,22ke
p9du,8vrw
p9e8,vjny
p9fu,8vrw
p9l5,o4pj
pa58,986e
pal3,h9x4
paw3,g9xy
pbc5,vjny
pbct,fz7l
pbei,tt2p
pbh4,986e
pbjz,3buj
pbms,jo4b
pbt2,8vrw
pbt2,986e
pbt2,g9xy
pc32,d4t6
pc9u,bgrt
pcrk,o4pj
pd2b,g9xy
pd4p,tt2p
pd62,d4t6
pdcd,986e
pdg9,duba
pdj5,8vrw
pdrd,d4t6
pdy4,8vrw
pdy4,g9xy
pdzg,o4pj
pe2q,986e
pe7q,fz7l
peav,qsdj
pelb,986e
pfsn,h9x4
pg7m,tt2p
pg8s,fz7l
pge6,h9x4
pgfe,d4t6
pgro,j4i7
pgx4,o4pj
phcp,fz7l
phec,jo4b
phy7,8vrw
phza,986e
phza,g9xy
pidg,qsdj
piqv,986e
pis7,j4i7
pj39,o4pj
pj4t,o4pj
pj72,o4pj
pjaf,4jjd
pjbx,tt2p
pjh8,o4pj
pjoj,o4pj
pk1c,8vrw
pk1c,986e
pk95,g9xy
pl6l,g9xy
pl9a,8vrw
plr7,o4pj
plwr,o4pj
pm4a,g9xy
pm8e,d4t6
pmk7,986e
pmk7,g9xy
pmkh,jo4b
pmlg,8vrw
pmot,duba
pni6,h9x4
pnju,rw94
pnp4,d4t6
pol5,4jjd
poos,ymtg
ppbs,bgrt
ppu7,986e
ppu7,g9xy
pq19,8vrw
pq8t,bgrt
pqls,d4t6
pqxb,986e
pqy6,tt2p
pr9f,ymtg
prel,986e
prhg,o4pj
prl9,h9x4
pru8,8vrw
pru8,g9xy
prvm,rw94
ps5f,986e
psdb,8vrw
psfp,rw94
psfp,wn32
psrk,tt2p
psrr,xhbn
pszx,h9x4
ptcf,986e
ptge,ymtg
ptyx,bgrt
pua6,o4pj
pucb,g9xy
puh7,bgrt
puob,o4pj
puob,rw94
puqa,vjny
puvo,o4pj
puyu,986e
puyu,g9xy
pvgg,d4t6
pvhl,d4t6
pvo8,d4t6
pvo8,fz7l
pvu6,g9xy
pwfg,bgrt
pwfg,jo4b
pwqe,d4t6
pwra,8vrw
pwvs,8vrw
pwvs,g9xy
pwvs,o4pj
px19,h9x4
px99,jo4b
pxj3,8vrw
pxjr,d4t6
pxrf,986e
pxte,4jjd
pxte,qsdj
pxvq,o4pj
py42,986e
py42,h9x4
py4c,8vrw
py58,o4pj
pye8,8vrw
pynf,8vrw
pynf,g9xy
pynf,h9x4
pyqp,986e
pz4a,986e
pz4a,o4pj
pz4m,8vrw
pz4m,986e
pz5m,vjny
pzma,8vrw
pzp4,o4pj
q11c,g9xy
q11c,rw94
q13x,8vrw
q15l,g9xy
q16i,986e
q186,j4i7
q186,tt2p
q18x,22ke
q18x,4jjd
q18x,bgrt
q1jq,ymtg
q1xn,o4pj
q28j,986e
q2jw,ymtg
q2ot,fz7l
q2ot,ymtg
q315,o4pj
q3ps,qsdj
q3wv,jo4b
q422,duba
q4gy,d4t6
q4gy,fz7l
q4x8,h9x4
q56i,986e
q57o,8vrw
q5a2,d4t6
q5a2,ymtg
q5w2,jttf
q5zm,o4pj
q687,d4t6
q687,tt2p
q6rg,ymtg
q6sk,jo4b
q6sk,xhbn
q6ut,o4pj
q75k,8vrw
q75k,o4pj
q7gc,g9xy
q7xx,8vrw
q7xx,g9xy
q7yr,g9xy
q89c,d4t6
q89c,tt2p
q8uv,986e
q8uv,duba
q9cf,986e
q9cf,o4pj
q9gw,tt2p
q9pm,ymtg
q9rm,8vrw
q9xm,tt2p
qamj,h9x4
qaos,986e
qavd,d4t6
qb82,h9x4
qb82,o4pj
qc2w,o4pj
qc9s,jo4b
qcrg,986e
qcrg,g9xy
qd2i,d4t6
qd63,jo4b
qdqh,h9x4
qe1n,986e
qe6m,fz7l
qe99,d4t6
qe99,tt2p
qe99,ymtg
qepi,986e
qepz,ymtg
qewn,8vrw
qewn,duba
qf12,qsdj
qf4o,rw94
qf55,986e
qf55,o4pj
qf7m,986e
qfgt,986e
qfgt,o4pj
qfio,o4pj
qg6q,o4pj
qg7p,8vrw
qg7p,o4pj
qg8o,duba
qgct,22ke
qgct,4jjd
qgdl,o4pj
qgij,ymtg
qgtw,tt2p
qgv5,tt2p
qhva,986e
qigs,xhbn
qiqw,vjny
qj4b,986e
qjuu,o4pj
qk71,o4pj
qk9p,986e
qk9p,h9x4
qkg2,jttf
qkg2,y93m
qkq2,o4pj
qlcv,8vrw
qlcv,986e
qlum,986e
qlum,o4pj
qm3g,xhbn
qm4r,ymtg
qmdr,duba
qmh9,986e
qmpp,d4t6
qmql,ymtg
qnd3,d4t6
qnji,rw94
qnse,g9xy
qnsr,tt2p
qntz,tt2p
qoat,986e
qoke,z3b5
qp1e,8vrw
qp3x,duba
qp3x,rw94
qp4y,rw94
qp5m,986e
qp7b,4jjd
qpjj,986e
qpjj,o4pj
qpkb,986e
qpoa,xhbn
qpuz,h9x4
qpyc,d4t6
qq6i,986e
qq6i,duba
qq6i,o4pj
qq6i,rw94
qqdp,986e
qqg3,8vrw
qqlc,h9x4
qqyk,ymtg
qrmw,qsdj
qs8c,fz7l
qs8c,j4i7
qseu,8vrw
qsqg,g9xy
qsqg,o4pj
qssr,o4pj
qssr,rw94
qsv8,g9xy
qsv8,o4pj
qt1i,g9xy
qtax,vjny
qtca,4jjd
qtgm,rw94
qth6,h9x4
qtjx,8vrw
qty2,bgrt
qtyh,8vrw
qu12,d4t6
qu4p,j4i7
queg,8vrw
quo5,tt2p
quqg,o4pj
qutg,986e
quud,o4pj
quvi,h9x4
quvi,o4pj
qv1b,qsdj
qvil,tt2p
qvjg,986e
qvpl,8vrw
qvxp,fz7l
qwb2,h9x4
qwbk,fz7l
qwif,tt2p
qwl1,bgrt
qwst,h9x4
qwtu,d4t6
qwtu,ymtg
qwxg,986e
qxuv,j4i7
qxuv,tt2p
qxuv,ymtg
qxwa,d4t6
qxxs,8vrw
qyfz,o4pj
qzjv,986e
qzlb,8vrw
qzu7,986e
r14u,8vrw
r1mn,fz7l
r1mt,y93m
r29z,o4pj
r2qe,j4i7
r31x,986e
r3hi,o4pj
r49c,o4pj
r4kd,xhbn
r4zd,d4t6
r561,986e
r561,duba
r59g,8vrw
r5ha,jo4b
r5j3,8vrw
r5wt,986e
r5wx,8vrw
r5wx,g9xy
r5wx,o4pj
r6e3,tt2p
r6lm,xhbn
r6ui,h9x4
r7fd,8vrw
r7fd,g9xy
r85m,g9xy
r8ek,tt2p
r8ek,ymtg
r8fo,g9xy
r8p5,v2cp
r8yl,v2cp
r92i,986e
r92i,h9x4
r92i,o4pj
r95o,h9x4
r96w,duba
r9ek,o4pj
r9tm,bgrt
raap,ymtg
radh,4jjd
ral5,jo4b
rayk,986e
rayy,tt2p
rb89,z3b5
rb9m,986e
rb9m,h9x4
rba2,8vrw
rbqf,8vrw
rbqf,rw94
rbvt,g9xy
rbzh,g9xy
rcf2,g9xy
rchw,986e
rcw5,h9x4
rd8x,o4pj
rdc1,jo4b
rdc1,jttf
rdgs,bgrt
rdku,rw94
rdky,jo4b
rdpt,h9x4
rdtd,o4pj
rdtd,rw94
reml,d4t6
reml,tt2p
rer6,o4pj
retn,v2cp
reve,g9xy
rf42,4jjd
rf42,bgrt
rfob,h9x4
rftn,o4pj
rfzu,v2cp
rgdo,rw94
rgwp,3buj
rgwp,4jjd
rgyb,986e
rgyb,o4pj
rh49,g9xy
rh49,h9x4
rhhs,g9xy
rhvg,4jjd
ri6u,g9xy
rils,d4t6
rips,g9xy
riuo,qsdj
rj5m,g9xy
rj81,986e
rjf5,4jjd
rjgj,h9x4
rjie,o4pj
rjmr,d4t6
rjmr,tt2p
rjo2,qsdj
rjo2,y93m
rjyh,g9xy
rk2g,8vrw
rkc4,d4t6
rky2,bgrt
rl7h,986e
rl7n,d4t6
rl7n,fz7l
rlnv,8vrw
rlnv,986e
rlnv,o4pj
rlt3,8vrw
rlt3,986e
rltk,4jjd
rmaw,g9xy
rmc2,986e
rmhd,tt2p
rml7,rw94
rn92,8vrw
rn92,o4pj
rnc1,tt2p
rnj9,rw94
rnpk,8vrw
rnpk,986e
room,jttf
rorp,986e
rozv,tt2p
rpbj,z3b5
rpdy,duba
rph5,d4t6
rphc,h9x4
rps8,tt2p
rpu8,h9x4
rpu8,o4pj
rq8j,8vrw
rq9m,duba
rq9m,o4pj
rqd1,g9xy
rqjo,8vrw
rqjo,986e
rqmg,tt2p
rqn8,rw94
rqy2,986e
rr33,ymtg
rr7b,bgrt
rrd4,8vrw
rrd4,986e
rrd4,o4pj
rrge,rw94
rrkd,duba
rs66,d4t6
rsch,8vrw
rsgh,o4pj
rsgh,rw94
rsmc,g9xy
rsmc,h9x4
rsmc,o4pj
rsuz,8vrw
rt4d,tt2p
rt6n,8vrw
rt6n,duba
rt6n,g9xy
rt8e,duba
rt8e,o4pj
rtai,tt2p
rtda,4jjd
rtho,d4t6
rtho,tt2p
rtl7,8vrw
rtl7,duba
rtl7,o4pj
rtmd,8vrw
rtnz,fz7l
rtnz,ymtg
ru3m,986e
ru5v,d4t6
ru5v,ymtg
ru9o,o4pj
ruoo,4jjd
rv3k,rw94
rv4o,8vrw
rv4o,h9x4
rv4r,986e
rv4r,o4pj
rven,8vrw
rven,duba
rvgm,d4t6
rvl8,ymtg
rvmz,d4t6
rvmz,ymtg
rvnv,o4pj
rvxe,h9x4
rw8u,4jjd
rwc1,vjny
rwiw,8vrw
rwkw,d4t6
rwv6,ymtg
rwws,d4t6
rwws,tt2p
rxh7,d4t6
rxh7,fz7l
rxhn,jo4b
rxmg,jo4b
rxuw,4jjd
rxwh,o4pj
rxz9,8vrw
ry11,xhbn
rym9,tt2p
rymh,vjny
rymn,g9xy
rzgz,4jjd
rzgz,jttf
rzq3,986e
rzt7,rw94
rzzx,d4t6
s161,ymtg
s1me,3buj
s1ne,o4pj
s1oa,8vrw
s1oa,rw94
s1td,d4t6
s1td,fz7l
s1zl,8vrw
s1zl,g9xy
s24v,o4pj
s2hi,ymtg
s2io,v2cp
s2m4,8vrw
s2o9,g9xy
s2o9,o4pj
s2or,xhbn
s2pc,tt2p
s3ay,o4pj
s3cs,duba
s3cz,8vrw
s3cz,986e
s3ed,986e
s3ed,o4pj
s3mr,z3b5
s3o5,4jjd
s3pg,tt2p
s3pw,986e
s3up,d4t6
s3up,ymtg
s4bx,h9x4
s4cf,8vrw
s4cf,duba
s4oj,bgrt
s4t5,986e
s539,tt2p
s58f,tt2p
s5ph,ymtg
s5zz,o4pj
s66d,986e
s6fc,vjny
s6lk,rw94
s6qd,8vrw
s6s6,o4pj
s79j,o4pj
s7bq,rw94
s7ff,g9xy
s7qv,bgrt
s82f,duba
s93y,d4t6
s9dn,o4pj
s9fq,ymtg
s9pc,rw94
s9qt,duba
sa9u,duba
sac8,ymtg
saes,o4pj
sah1,d4t6
saqb,d4t6
sax1,h9x4
sayj,o4pj
sb2r,rw94
sbe5,duba
sbe5,o4pj
sbpb,tt2p
sbt8,8vrw
sbzj,h9x4
sc5q,rw94
scah,8vrw
scah,986e
scah,o4pj
scdg,986e
scev,o4pj
sckd,986e
scq6,vjny
scrv,duba
sd9d,rw94
sdm9,j4i7
sdm9,tt2p
sdwz,xhbn
se7i,o4pj
se9d,986e
sejb,j4i7
sejb,tt2p
sek1,qsdj
sek1,y93m
sep1,vjny
sep1,z3b5
sfi3,h9x4
sfzh,o4pj
sgqa,986e
sgqa,duba
sgqa,h9x4
sgsj,d4t6
sgud,z3b5
sha5,986e
shbc,8vrw
shg6,jttf
shg6,qsdj
shox,d4t6
shqn,o4pj
si7t,g9xy
sjoj,3buj
sjoj,4jjd
sjs7,8vrw
sjww,o4pj
sjy2,g9xy
sjyw,d4t6
skm4,4jjd
skm4,jo4b
sktq,g9xy
sl7l,d4t6
sl7l,tt2p
sli2,8vrw
sli2,h9x4
slsg,o4pj
slx6,ymtg
sm2i,8vrw
sm2i,rw94
smfg,jo4b
smm2,8vrw
smr7,duba
smr7,o4pj
smsc,jttf
sn4j,g9xy
sn68,4jjd
sn7j,8vrw
sn9l,rw94
snne,986e
snpq,g9xy
sntj,g9xy
so1k,d4t6
so1k,ymtg
sohb,o4pj
sojj,duba
sojj,o4pj
sokf,qsdj
sox1,j4i7
sp5d,8vrw
sp5d,986e
spc7,o4pj
spcz,duba
spef,8vrw
spef,h9x4
sph9,ymtg
spor,h9x4
sqlj,g9xy
sqm8,8vrw
sqm8,g9xy
sqm8,o4pj
sqtb,g9xy
sqtb,o4pj
squa,8vrw
squa,o4pj
sr4a,jo4b
sr4a,qsdj
srk9,jo4b
srkj,d4t6
srvq,g9xy
srxe,tt2p
sryl,o4pj
ssy1,jo4b
st2b,qsdj
st6e,d4t6
stkt,986e
stkt,g9xy
stuz,8vrw
stuz,986e
styj,o4pj
suh9,ymtg
suqj,d4t6
sv4p,rw94
sv55,8vrw
sv57,d4t6
sv8t,g9xy
svit,xhbn
svkt,o4pj
sw2f,jo4b
swcy,d4t6
swd1,tt2p
swh4,rw94
swjq,g9xy
swqo,4jjd
swvr,986e
sww3,986e
sww3,o4pj
sx3n,986e
sxqc,8vrw
sxqc,g9xy
sxvt,986e
sxxf,o4pj
sxzu,986e
sy2k,duba
sy2l,tt2p
sya6,tt2p
syf5,o4pj
sygk,duba
sygk,rw94
syo5,d4t6
syo5,tt2p
syv1,986e
szgv,ymtg
szqx,g9xy
szvl,ymtg
t12v,o4pj
t1m8,o4pj
t1ya,tt2p
t243,bgrt
t2ij,ymtg
t2j7,o4pj
t2jz,g9xy
t2jz,o4pj
t2mj,986e
t2mx,tt2p
t2mx,ymtg
t2sr,tt2p
t2sr,ymtg
t3m2,duba
t3wm,g9xy
t3z6,8vrw
t41u,8vrw
t446,rw94
t44e,d4t6
t44e,tt2p
t4xj,8vrw
t54v,jttf
t59c,fz7l
t5dc,3buj
t5f5,h9x4
t61k,8vrw
t61k,g9xy
t61k,o4pj
t63w,wn32
t6za,duba
t777,8vrw
t7df,986e
t7j1,g9xy
t7j3,ymtg
t7t3,vjny
t7vf,4jjd
t84v,8vrw
t85s,g9xy
t8dt,8vrw
t8ku,4jjd
t8se,o4pj
t8tr,rw94
t8vi,bgrt
t8x4,duba
t99h,986e
t9a7,vjny
t9el,986e
t9ja,4jjd
t9xh,o4pj
ta7t,8vrw
ta7t,986e
tafs,o4pj
tai6,d4t6
tai6,tt2p
takw,d4t6
taoa,8vrw
tavt,o4pj
taw4,986e
tb2b,d4t6
tb49,8vrw
tb49,986e
tb7j,qsdj
tb9x,xhbn
tbex,g9xy
tbi6,tt2p
tboo,o4pj
tbuz,8vrw
tbw6,duba
tchn,986e
tcnd,8vrw
tcpf,986e
tcxw,fz7l
td3a,jo4b
td5z,tt2p
td5z,ymtg
tdfc,o4pj
tdmm,986e
te8z,986e
te8z,g9xy
texe,d4t6
tf7u,8vrw
tfc5,d4t6
tfo7,986e
tfvd,g9xy
tfvv,duba
tgc5,g9xy
tgfv,986e
tgnf,4jjd
tgw9,d4t6
th1m,986e
thsl,rw94
ti1m,d4t6
tiea,d4t6
tihs,tt2p
tija,d4t6
tiug,o4pj
tjfy,986e
tjfy,g9xy
tjge,8vrw
tjn2,8vrw
tkfw,g9xy
tkmt,986e
tkmt,g9xy
tkmt,o4pj
tkta,vjny
tkta,z3b5
tku3,duba
tkus,o4pj
tkxz,8vrw
tkyq,8vrw
tlcs,rw94
tlld,tt2p
tlyh,d4t6
tm47,g9xy
tm4s,4jjd
tmni,jo4b
tmni,qsdj
tmtt,8vrw
tn1o,8vrw
tn1o,986e
tn1o,o4pj
tneb,o4pj
tnhd,8vrw
tnhd,986e
to33,bgrt
to5u,8vrw
to95,tt2p
tof1,tt2p
toja,o4pj
tops,duba
tota,o4pj
tota,rw94
tp8o,duba
tpbu,fz7l
tpno,tt2p
tpz4,4jjd
tpz4,jo4b
tq3o,h9x4
tq5s,g9xy
tq5s,o4pj
tqno,o4pj
tqns,duba
tqtz,duba
trbn,g9xy
trbn,o4pj
trc3,986e
tscq,jo4b
tscq,xhbn
tsfk,o4pj
tsic,986e
tsic,duba
tsth,986e
tsv1,g9xy
tsxm,986e
tsxm,g9xy
tsyt,o4pj
tt4y,8vrw
tt4z,vjny
ttd5,d4t6
ttd5,fz7l
ttlq,8vrw
ttlq,g9xy
ttue,g9xy
ttue,o4pj
ttus,g9xy
tu3s,d4t6
tu7a,jo4b
tuaw,duba
tuaw,o4pj
tuiz,jo4b
tutd,o4pj
tuxa,8vrw
tuxa,o4pj
tv6t,ymtg
tv9n,duba
tvga,986e
tvvq,986e
tvvq,g9xy
tvvq,o4pj
tw6q,8vrw
twbr,fz7l
twbr,ymtg
twi3,8vrw
twi3,o4pj
twlw,g9xy
twlw,h9x4
tx4v,g9xy
tx7o,4jjd
txi6,d4t6
txsx,bgrt
txzc,g9xy
tyak,22ke
tycj,4jjd
tyy1,o4pj
tz2c,d4t6
tz8r,tt2p
tzpy,8vrw
tzrk,tt2p
tzzv,rw94
u1l6,8vrw
u1wt,4jjd
u23r,tt2p
u2rk,8vrw
u2rk,duba
u2rx,h9x4
u37l,g9xy
u37o,o4pj
u39a,vjny
u39a,z3b5
u3f2,o4pj
u3rk,d4t6
u3rk,fz7l
u3sf,986e
u4e8,duba
u4e8,h9x4
u4nu,bgrt
u4nu,jo4b
u4nw,duba
u4og,v2cp
u51f,8vrw
u51f,o4pj
u54t,g9xy
u5bb,fz7l
u626,d4t6
u687,o4pj
u6up,ymtg
u6z4,d4t6
u71s,vjny
u79n,o4pj
u86i,h9x4
u86i,o4pj
u8e2,tt2p
u8oe,jttf
u9f2,duba
u9wg,8vrw
u9wg,o4pj
uaep,g9xy
uar8,d4t6
ub3q,986e
ub3q,duba
ubtz,d4t6
ubtz,fz7l
ubtz,tt2p
uc2a,d4t6
uc2g,z3b5
uc4z,o4pj
uc51,986e
uc51,g9xy
uc51,rw94
ucdd,qsdj
ucdd,xhbn
ucjq,986e
ucql,g9xy
ucsk,986e
ud47,8vrw
ud8u,986e
udnb,vjny
ueb1,986e
uei6,rw94
uei6,wn32
ueo6,g9xy
ueo6,o4pj
ueok,jttf
uet3,tt2p
uf4g,d4t6
ufev,8vrw
uffr,986e
uffr,g9xy
ufji,8vrw
ufqx,986e
ufsg,8vrw
ufsg,986e
uhfs,d4t6
uhl2,8vrw
uhrn,8vrw
uhsr,d4t6
uht4,986e
uht4,duba
uht4,h9x4
uhwk,duba
ui4d,ymtg
uije,o4pj
uixp,986e
uixp,h9x4
uixp,o4pj
uk4i,986e
uk7e,o4pj
uk86,xhbn
ukeh,duba
ukg8,v2cp
ukjh,d4t6
ukuj,o4pj
ukvd,986e
ukxv,o4pj
ul4z,bgrt
ul6e,986e
uldx,fz7l
ulhj,8vrw
umd7,986e
umd7,o4pj
umlr,8vrw
umom,o4pj
umpq,o4pj
umyd,vjny
umyd,z3b5
un53,jttf
unrr,jo4b
untj,d4t6
unw9,ymtg
uo5b,h9x4
uo5c,ymtg
uo9e,d4t6
uoha,vjny
updy,o4pj
upt2,8vrw
upt2,h9x4
upv8,bgrt
upy7,4jjd
uq6p,xhbn
uqcv,g9xy
uqcv,o4pj
uqde,duba
uqn7,o4pj
uqqd,8vrw
uqqd,h9x4
uqqd,o4pj
urzy,vjny
us2l,d4t6
us4t,h9x4
usj3,g9xy
uslo,g9xy
usm9,8vrw
usrh,tt2p
usro,j4i7
usxa,tt2p
ut99,z3b5
utaf,g9xy
utaf,h9x4
utba,8vrw
utc8,986e
utc8,duba
utcg,h9x4
uto1,986e
uto1,rw94
uudn,vjny
uuh5,h9x4
uulq,g9xy
uux2,8vrw
uuyg,g9xy
uuzh,o4pj
uuzo,duba
uuzo,g9xy
uuzt,h9x4
uv5h,ymtg
uwne,g9xy
uwy9,4jjd
uwyx,22ke
ux61,o4pj
uxci,d4t6
uxcw,jo4b
uxjb,fz7l
uxki,duba
uxl8,8vrw
uxl8,986e
uxnf,8vrw
uxnp,h9x4
uyb7,o4pj
uypp,8vrw
uywb,vjny
uywb,z3b5
uywg,duba
uywg,o4pj
uyxw,fz7l
uz1h,986e
uzby,d4t6
uzjl,h9x4
uzov,o4pj
uzuy,z3b5
uzyu,duba
uzyu,o4pj
v12b,h9x4
v16x,jttf
v1dx,fz7l
v1jf,d4t6
v1k6,o4pj
v1w3,h9x4
v23h,bgrt
v2a6,duba
v2a6,rw94
v2gw,d4t6
v2pv,v2cp
v2rx,o4pj
v2x8,d4t6
v3e8,rw94
v3eu,o4pj
v3f3,o4pj
v3f3,rw94
v3kp,tt2p
v3oq,d4t6
v3w5,8vrw
v49a,o4pj
v4kn,8vrw
v4ya,o4pj
v582,duba
v5fc,g9xy
v5g5,v2cp
v5g5,vjny
v5i1,8vrw
v5i1,986e
v5i1,duba
v5lg,o4pj
v5s7,4jjd
v5yw,8vrw
v61l,ymtg
v64p,ymtg
v666,d4t6
v666,tt2p
v69w,duba
v6wq,8vrw
v6wq,986e
v7fh,bgrt
v7i1,986e
v7pv,rw94
v8td,xhbn
v8uy,tt2p
v9sq,ymtg
va44,vjny
va9k,986e
vaba,ymtg
valu,duba
valu,h9x4
vb67,ymtg
vbmu,h9x4
vc3x,8vrw
vc6d,duba
vc7f,rw94
vcig,fz7l
vd5y,g9xy
vd5y,h9x4
vdb4,d4t6
vdr7,g9xy
vdse,8vrw
vdvd,g9xy
veah,o4pj
veqp,d4t6
veqp,ymtg
vesv,vjny
vesv,z3b5
vgge,jo4b
vgxp,986e
vhl1,duba
vhpd,vjny
vhqx,8vrw
vhqx,986e
vhsd,qsdj
vhxe,jo4b
vhyc,fz7l
vi3p,4jjd
vij1,d4t6
vij1,tt2p
vika,g9xy
visw,xhbn
viy4,xhbn
vjga,o4pj
vjpe,fz7l
vjpe,ymtg
vju4,22ke
vkmu,g9xy
vkmu,rw94
vkn6,8vrw
vkn6,duba
vkn6,o4pj
vkxm,duba
vlbt,jo4b
vm2u,g9xy
vm2u,h9x4
vmh4,ymtg
vmo8,8vrw
vmyb,8vrw
vmyb,986e
vmyb,o4pj
vn2j,986e
vn2j,o4pj
vnay,h9x4
vnay,rw94
vnee,o4pj
vnex,986e
vnk5,986e
vnvd,h9x4
vnww,fz7l
vo26,d4t6
vo9b,qsdj
vokj,o4pj
volb,jo4b
vowu,g9xy
vpcs,4jjd
vpi4,z3b5
vq8e,tt2p
vq8e,ymtg
vq9f,8vrw
vqa9,vjny
vqn7,d4t6
vqnn,vjny
vr47,986e
vr47,g9xy
vr47,h9x4
vrdy,h9x4
vre4,d4t6
vrf2,8vrw
vrf2,duba
vrof,8vrw
vrof,h9x4
vrsf,xhbn
vrta,d4t6
vrta,ymtg
vs3v,8vrw
vs3v,rw94
vsip,4jjd
vsq9,duba
vsu7,duba
vsu7,o4pj
vsuu,ymtg
vt77,vjny
vtb6,ymtg
vtft,o4pj
vtju,8vrw
vtju,o4pj
vtmu,qsdj
vtng,d4t6
vtng,ymtg
vtr4,8vrw
vtr4,986e
vtr4,duba
vtr4,h9x4
vu4u,d4t6
vu6d,tt2p
vute,8vrw
vute,duba
vv33,g9xy
vv33,o4pj
vv6p,o4pj
vvix,4jjd
vvjn,8vrw
vvjn,986e
vvl7,jo4b
vvpy,j4i7
vvvk,4jjd
vvw9,986e
vvza,g9xy
vw6b,jo4b
vwwc,ymtg
vx2b,bgrt
vxmh,tt2p
vxmh,ymtg
vxpk,tt2p
vxx2,g9xy
vxyi,g9xy
vxyi,o4pj
vy1f,o4pj
vyf5,4jjd
vyfi,h9x4
vygs,986e
vyqg,4jjd
vyr1,d4t6
vyvx,22ke
vyvx,y93m
vyyf,h9x4
vyzt,d4t6
vyzt,tt2p
vz77,z3b5
vzgj,o4pj
vzgr,8vrw
vzpd,z3b5
vzxk,rw94
w1jz,tt2p
w1kh,986e
w25d,8vrw
w2if,ymtg
w2ix,8vrw
w2q1,duba
w2wa,g9xy
w2x6,986e
w2x6,h9x4
w2xi,h9x4
w3tg,8vrw
w3tg,duba
w3vb,tt2p
w3x8,duba
w3xi,ymtg
w3xj,ymtg
w42d,d4t6
w42p,8vrw
w52q,8vrw
w52q,g9xy
w52q,h9x4
w5ds,fz7l
w5uy,986e
w5uy,g9xy
w623,o4pj
w6eb,8vrw
w6r6,o4pj
w76v,v2cp
w76v,vjny
w7di,986e
w7nc,ymtg
w7oe,o4pj
w7r1,rw94
w8gk,rw94
w8qb,8vrw
w8qb,o4pj
w8vd,ymtg
w9bw,vjny
w9ja,986e
w9wq,fz7l
wa44,g9xy
wa56,986e
wa98,d4t6
wa98,tt2p
wabs,d4t6
wari,g9xy
wbc9,d4t6
wbfn,986e
wbnk,jo4b
wbr8,g9xy
wbr8,rw94
wbt1,g9xy
wbt1,o4pj
wcbt,986e
wciy,n4b4
wcw3,g9xy
wd1v,986e
wd46,g9xy
wdty,jo4b
wdv6,vjny
we4y,8vrw
weff,8vrw
weff,g9xy
wegm,qsdj
wekd,o4pj
weku,jo4b
weuh,22ke
wf8l,tt2p
wfga,o4pj
wfh4,h9x4
wfmm,tt2p
wfn4,duba
wfrq,986e
wfrq,h9x4
wfrq,o4pj
wfuw,d4t6
wfuw,ymtg
wfzx,8vrw
wg1s,22ke
wg1s,4jjd
wg6q,d4t6
wgkg,vjny
wgqq,bgrt
wgwf,8vrw
wh4v,4jjd
wh4v,qsdj
whk7,g9xy
whrh,jo4b
whu7,ymtg
whxv,o4pj
wi6v,8vrw
wi6v,h9x4
wiiu,vjny
wj9i,ymtg
wjaq,d4t6
wjbp,d4t6
wjgl,8vrw
wjq9,jo4b
wk42,fz7l
wk4y,o4pj
wk9g,o4pj
wkg9,d4t6
wkh7,y93m
wkm1,22ke
wknk,8vrw
wkv3,d4t6
wla3,qsdj
wlhu,tt2p
wli4,8vrw
wli4,o4pj
wlmt,tt2p
wlp2,vjny
wmt7,986e
wmzr,o4pj
wn35,g9xy
wn35,o4pj
wn76,986e
wnck,g9xy
wnrf,986e
wnz5,ymtg
wo5b,8vrw
womw,8vrw
womw,h9x4
wono,h9x4
woqw,vjny
wouj,g9xy
wouj,rw94
woxs,j4i7
wp13,4jjd
wp8r,o4pj
wpdk,986e
wpdk,o4pj
wpg1,h9x4
wpk6,jo4b
wpop,d4t6
wq24,vjny
wq4u,duba
wq4u,o4pj
wqej,g9xy
wqej,o4pj
wqew,3buj
wqnh,tt2p
wqnz,d4t6
wrai,8vrw
wrai,986e
wrpv,986e
wryu,g9xy
wshq,tt2p
wsww,8vrw
wsww,g9xy
wt3n,tt2p
wtnc,duba
wtp6,g9xy
wtp9,986e
wtp9,h9x4
wty5,z3b5
wu4z,o4pj
wu93,8vrw
wu93,duba
wubl,vjny
wuco,g9xy
wutw,8vrw
wutw,g9xy
wutw,rw94
wv5y,jo4b
wv92,rw94
wvi8,d4t6
wvk8,vjny
wvrz,fz7l
wvut,g9xy
wvxu,d4t6
wvye,8vrw
wwbb,z3b5
wwe3,22ke
wwe3,xhbn
wwod,986e
wwod,h9x4
wwq9,d4t6
wx1j,fz7l
wx4e,8vrw
wxry,8vrw
wxry,g9xy
wxsg,g9xy
wybr,ymtg
wyd9,8vrw
wyx2,jttf
wyz7,jo4b
wzj1,h9x4
wzxz,qsdj
x193,986e
x1mm,o4pj
x1qr,z3b5
x1rn,986e
x1rn,g9xy
x1wi,tt2p
x1wi,ymtg
x291,8vrw
x2ab,duba
x2dw,986e
x2qz,986e
x2up,986e
x2up,duba
x2zx,d4t6
x331,ymtg
x33y,8vrw
x39g,d4t6
x39g,tt2p
x3m1,g9xy
x3u2,8vrw
x3u2,h9x4
x3vd,jo4b
x4cn,fz7l
x4il,8vrw
x4il,rw94
x5hz,986e
x5hz,h9x4
x5il,jo4b
x5pq,v2cp
x5ss,duba
x5ss,g9xy
x5vu,8vrw
x64v,8vrw
x7d2,8vrw
x7d2,g9xy
x7d2,o4pj
x7r6,g9xy
x7t9,o4pj
x83m,g9xy
x87r,g9xy
x8hy,8vrw
x8i7,h9x4
x8wd,v2cp
x958,jo4b
x9ab,4jjd
x9bw,g9xy
x9g5,h9x4
x9lm,o4pj
x9zk,duba
xagl,jo4b
xanl,8vrw
xas7,4jjd
xast,8vrw
xast,g9xy
xazw,986e
xb58,8vrw
xb58,986e
xb58,h9x4
xbcm,o4pj
xblj,8vrw
xbmb,tt2p
xczk,d4t6
xdcz,ymtg
xdr7,o4pj
xdv5,4jjd
xdv5,xhbn
xdxx,986e
xegg,y93m
xej3,d4t6
xej3,fz7l
xf7z,jo4b
xfr1,rw94
xfsq,h9x4
xfz5,8vrw
xglj,tt2p
xgz9,rw94
xhcc,tt2p
xhd9,4jjd
xhnw,qsdj
xhrs,8vrw
xig6,vjny
xiv7,tt2p
xiyv,d4t6
xizw,o4pj
xj6e,d4t6
xj6h,8vrw
xj6h,986e
xj6h,o4pj
xj8o,8vrw
xjl8,duba
xjlj,tt2p
xjvd,g9xy
xk5i,duba
xkbv,j4i7
xkbv,tt2p
xkml,fz7l
xkyg,tt2p
xmbp,jo4b
xmbp,y93m
xmfu,986e
xmfu,o4pj
xmhh,8vrw
xml8,8vrw
xmlf,986e
xmtu,8vrw
xmtu,h9x4
xn7d,h9x4
xn7p,fz7l
xn7p,tt2p
xnad,o4pj
xng5,d4t6
xnlt,8vrw
xnlt,duba
xo2c,g9xy
xo7j,986e
xo7j,o4pj
xoef,8vrw
xoef,986e
xom4,g9xy
xom4,o4pj
xor1,duba
xp1y,ymtg
xp83,g9xy
xpda,986e
xphl,g9xy
xphl,rw94
xq24,duba
xq24,g9xy
xq8c,986e
xq9c,ymtg
xqft,qsdj
xrao,986e
xril,xhbn
xrps,h9x4
xrs8,986e
xrsm,8vrw
xrt4,z3b5
xs71,986e
xsd7,g9xy
xsd7,o4pj
xsgj,8vrw
xsgj,o4pj
xsle,duba
xsql,986e
xsw5,986e
xsw5,g9xy
xsyv,g9xy
xt9k,986e
xt9k,g9xy
xt9k,o4pj
xteb,duba
xthz,8vrw
xtrc,g9xy
xtrc,o4pj
xtrl,jo4b
xu4h,tt2p
xua9,8vrw
xugm,g9xy
xuod,v2cp
xuu2,ymtg
xv1s,o4pj
xv94,bgrt
xw53,22ke
xwgb,d4t6
xwgb,tt2p
xwle,986e
xwlo,986e
xwqj,o4pj
xx5o,g9xy
xx5r,8vrw
xx5r,g9xy
xxos,d4t6
xxos,fz7l
xxqh,986e
xyi8,jo4b
xysy,8vrw
xysy,986e
xyxb,duba
xz8q,ymtg
xz95,986e
xza9,qsdj
xzcj,duba
xzgf,g9xy
xzjj,o4pj
y18k,ymtg
y1a6,rw94
y1ac,986e
y1br,986e
y1br,o4pj
y1gv,duba
y1gv,g9xy
y1gv,o4pj
y1qq,o4pj
y1tl,8vrw
y1uc,ymtg
y1ux,8vrw
y1wm,o4pj
y25b,g9xy
y28p,986e
y2ag,jo4b
y2ag,xhbn
y2fn,8vrw
y2fn,o4pj
y2hs,tt2p
y2mr,tt2p
y2ze,fz7l
y335,h9x4
y346,8vrw
y34d,d4t6
y36v,8vrw
y392,g9xy
y3p5,jttf
y3vc,duba
y3vc,g9xy
y3zu,o4pj
y45c,986e
y45c,h9x4
y4en,h9x4
y4xo,duba
y4yd,4jjd
y58j,986e
y59i,986e
y5fb,h9x4
y5ms,986e
y5u3,8vrw
y63d,4jjd
y63d,jttf
y6e6,d4t6
y6g2,rw94
y6ho,g9xy
y6lq,tt2p
y6ri,g9xy
y6ri,o4pj
y6te,986e
y74x,d4t6
y75p,g9xy
y75p,o4pj
y7ef,jo4b
y7gp,8vrw
y7gp,duba
y7vq,tt2p
y81k,duba
y86g,o4pj
y8p6,tt2p
y8wt,duba
y8y3,qsdj
y92n,d4t6
y9eb,qsdj
y9eb,y93m
y9j2,o4pj
y9r7,h9x4
y9ur,986e
ya17,986e
ya17,h9x4
yaau,o4pj
yagn,8vrw
yagn,986e
yagn,o4pj
yaik,o4pj
yakg,o4pj
yax3,8vrw
yax3,986e
yaxv,jo4b
ybij,d4t6
ybij,tt2p
yciu,duba
yd7z,986e
yd7z,o4pj
ydrn,g9xy
ydw5,h9x4
ydy6,8vrw
ydy6,rw94
ydys,h9x4
ye2a,rw94
yeak,o4pj
yegh,j4i7
yeol,8vrw
yex5,4jjd
yfmp,986e
yfqo,tt2p
yfs1,986e
yg6k,986e
yg9s,g9xy
ygjl,8vrw
ygu5,duba
ygu5,g9xy
ygz6,y93m
yhtr,h9x4
yhzn,d4t6
yidb,j4i7
yihk,8vrw
yihk,g9xy
yikb,o4pj
yire,tt2p
yire,ymtg
yis6,g9xy
yja9,8vrw
yja9,986e
yja9,duba
yjft,fz7l
yjft,tt2p
yjn2,tt2p
yjrk,rw94
yk2a,duba
ykli,fz7l
yl9f,g9xy
ylai,986e
ylt9,986e
yltx,o4pj
ym9b,fz7l
ymaf,986e
ymcj,986e
ymmk,vjny
ymmw,vjny
ymv1,qsdj
ymw2,xhbn
yn47,bgrt
yn47,xhbn
ynbw,g9xy
yne2,xhbn
ynez,duba
yngz,rw94
ynji,tt2p
ynm8,o4pj
ynzg,duba
yocl,d4t6
yof4,986e
yof4,o4pj
yok1,8vrw
yorx,8vrw
yotb,tt2p
yotb,ymtg
yoyb,qsdj
yozg,bgrt
yozg,xhbn
yp14,4jjd
ypfj,duba
yprs,tt2p
yq7c,rw94
yqi5,8vrw
yqrp,fz7l
yr1u,duba
yrdo,jo4b
yrgl,4jjd
yrhx,jo4b
yrhx,qsdj
yrkw,g9xy
yrzc,vjny
ys77,986e
ysjf,986e
ysjf,o4pj
yswm,tt2p
ysx3,8vrw
ysx3,duba
yt8w,g9xy
yt8w,h9x4
ytdq,22ke
ytff,h9x4
ytn6,jo4b
yu21,o4pj
yunq,tt2p
yunq,ymtg
yuvi,tt2p
yv87,986e
yvc2,d4t6
yvc2,fz7l
yvc2,tt2p
yw69,xhbn
ywzq,8vrw
yx12,d4t6
yx9j,3buj
yxbo,rw94
yxit,jttf
yxwt,8vrw
yxyr,jo4b
yy3p,986e
yy3p,g9xy
yyar,8vrw
yyar,o4pj
yyei,d4t6
yymp,986e
yyqq,o4pj
yz9n,4jjd
yz9n,qsdj
z14p,jo4b
z1jx,ymtg
z1kk,8vrw
z25h,fz7l
z2t5,8vrw
z347,fz7l
z3c6,986e
z3ft,d4t6
z3u8,xhbn
z3zq,tt2p
z4ev,g9xy
z4ev,h9x4
z4lx,h9x4
z4lx,o4pj
z4mc,g9xy
z4ue,8vrw
z4vs,duba
z4vs,g9xy
z52k,rw94
z542,986e
z553,fz7l
z5nc,8vrw
z5nc,g9xy
z5rg,d4t6
z5rg,ymtg
z5vs,o4pj
z631,986e
z6a1,o4pj
z6eh,h9x4
z6ih,986e
z6jj,d4t6
z6jj,ymtg
z6o3,8vrw
z6o3,986e
z6o3,g9xy
z6o3,o4pj
z6o3,rw94
z6xq,986e
z793,h9x4
z794,g9xy
z7nz,duba
z7vp,986e
z7vp,duba
z7vp,rw94
z88n,d4t6
z88n,fz7l
z8hd,ymtg
z8ku,22ke
z8ku,qsdj
z8m3,jo4b
z8ng,rw94
z928,d4t6
z93k,h9x4
z99g,986e
z9i8,986e
z9l1,rw94
z9oe,jo4b
zadd,8vrw
zadd,o4pj
zaz8,986e
zb25,h9x4
zbda,d4t6
zbli,duba
zbnu,g9xy
zcun,8vrw
zcun,986e
zcun,h9x4
zcun,o4pj
zcyu,fz7l
zd3u,o4pj
zda5,duba
zdde,duba
zddr,4jjd
zdk5,8vrw
zdk5,986e
zdoa,h9x4
zdtw,g9xy
ze72,d4t6
zedn,ymtg
zedt,986e
zetk,8vrw
zetn,g9xy
zewz,8vrw
zf1d,tt2p
zf7c,d4t6
zflm,ymtg
zfqc,bgrt
zfqc,qsdj
zfqc,y93m
zfti,8vrw
zfti,986e
zg3c,986e
zg5a,8vrw
zghr,vjny
zgim,8vrw
zgmm,ymtg
zgw1,986e
zh42,986e
zh9g,qsdj
zhay,d4t6
zhit,986e
zhit,h9x4
zhvq,ymtg
zi11,xhbn
zi2z,986e
zi5r,o4pj
zifm,rw94
ziqu,986e
ziqu,g9xy
zium,wn32
zj46,h9x4
zjbk,tt2p
zjrc,d4t6
zkwj,qsdj
zl6t,ymtg
zlus,vjny
zm2k,g9xy
zm4l,8vrw
zm5q,d4t6
zm8s,tt2p
zman,g9xy
zmoh,xhbn
zmxd,tt2p
zn4e,o4pj
zn6r,d4t6
zndv,986e
znig,8vrw
znig,o4pj
znk4,986e
znth,8vrw
znza,8vrw
znza,duba
zo3g,8vrw
zo65,jo4b
zo7k,tt2p
zo9u,g9xy
zoda,duba
zop2,g9xy
zp3r,duba
zp3r,o4pj
zp9w,jo4b
zp9w,xhbn
zpca,h9x4
zpon,xhbn
zpqa,8vrw
zpv8,ymtg
zpyy,986e
zq1p,o4pj
zq21,v2cp
zq21,vjny
zq2f,o4pj
zqe7,o4pj
zr6m,4jjd
zrbh,tt2p
zs3v,v2cp
zsr5,o4pj
zthn,8vrw
zts9,4jjd
ztyc,tt2p
zu8k,g9xy
zuuj,o4pj
zv9h,vjny
zvb5,qsdj
zvgp,4jjd
zvsa,duba
zvsa,o4pj
zvvf,8vrw
zvvf,h9x4
zvvf,o4pj
zvx4,986e
zvxo,rw94
zw6x,o4pj
zwcj,8vrw
zwmn,986e
zwoi,986e
zwoi,g9xy
zwoi,o4pj
zwpv,y93m
zxe1,h9x4
zxl1,duba
zxmq,4jjd
zxr7,duba
zy5z,d4t6
zy7g,duba
zy7g,g9xy
zy7g,o4pj
zybm,o4pj
zybn,xhbn
zyez,986e
zykb,jo4b
zylp,xhbn
zyog,4jjd
zyph,d4t6
zypp,8vrw
zyr8,986e
zz1k,h9x4
zz1k,o4pj
zz9m,986e
zz9m,duba
zz9m,g9xy
zze8,8vrw
zze8,o4pj
zzz8,bgrt
